Dex No,Name,Base Name,Type 1,Type 2,BST,HP,Attack,Defense,Sp. Attack,Sp. Defense,Speed
0001,Bulbasaur,Bulbasaur,GRASS,POISON,318,45,49,49,65,65,45
0002,Ivysaur,Ivysaur,GRASS,POISON,405,60,62,63,80,80,60
0003,Venusaur,Venusaur,GRASS,POISON,525,80,82,83,100,100,80
0003,Mega Venusaur,Venusaur,GRASS,POISON,625,80,100,123,122,120,80
0004,Charmander,Charmander,FIRE,-,309,39,52,43,60,50,65
0005,Charmeleon,Charmeleon,FIRE,-,405,58,64,58,80,65,80
0006,Charizard,Charizard,FIRE,FLYING,534,78,84,78,109,85,100
0006,Mega Charizard X,Charizard,FIRE,DRAGON,634,78,130,111,130,85,100
0006,Mega Charizard Y,Charizard,FIRE,FLYING,634,78,104,78,159,115,100
0007,Squirtle,Squirtle,WATER,-,314,44,48,65,50,64,43
0008,Wartortle,Wartortle,WATER,-,405,59,63,80,65,80,58
0009,Blastoise,Blastoise,WATER,-,530,79,83,100,85,105,78
0009,Mega Blastoise,Blastoise,WATER,-,630,79,103,120,135,115,78
0010,Caterpie,Caterpie,BUG,-,195,45,30,35,20,20,45
0011,Metapod,Metapod,BUG,-,205,50,20,55,25,25,30
0012,Butterfree,Butterfree,BUG,FLYING,395,60,45,50,90,80,70
0013,Weedle,Weedle,BUG,POISON,195,40,35,30,20,20,50
0014,Kakuna,Kakuna,BUG,POISON,205,45,25,50,25,25,35
0015,Beedrill,Beedrill,BUG,POISON,395,65,90,40,45,80,75
0015,Mega Beedrill,Beedrill,BUG,POISON,495,65,150,40,15,80,145
0016,Pidgey,Pidgey,NORMAL,FLYING,251,40,45,40,35,35,56
0017,Pidgeotto,Pidgeotto,NORMAL,FLYING,349,63,60,55,50,50,71
0018,Pidgeot,Pidgeot,NORMAL,FLYING,479,83,80,75,70,70,101
0018,Mega Pidgeot,Pidgeot,NORMAL,FLYING,579,83,80,80,135,80,121
0019,Rattata,Rattata,NORMAL,-,253,30,56,35,25,35,72
0019,Alolan Rattata,Rattata,DARK,NORMAL,253,30,56,35,25,35,72
0020,Raticate,Raticate,NORMAL,-,413,55,81,60,50,70,97
0020,Alolan Raticate,Raticate,DARK,NORMAL,413,75,71,70,40,80,77
0021,Spearow,Spearow,NORMAL,FLYING,262,40,60,30,31,31,70
0022,Fearow,Fearow,NORMAL,FLYING,442,65,90,65,61,61,100
0023,Ekans,Ekans,POISON,-,288,35,60,44,40,54,55
0024,Arbok,Arbok,POISON,-,448,60,95,69,65,79,80
0025,Pikachu,Pikachu,ELECTRIC,-,320,35,55,40,50,50,90
0025,Partner Pikachu,Pikachu,ELECTRIC,-,430,45,80,50,75,60,120
0026,Raichu,Raichu,ELECTRIC,-,485,60,90,55,90,80,110
0026,Alolan Raichu,Raichu,ELECTRIC,PSYCHIC,485,60,85,50,95,85,110
0027,Sandshrew,Sandshrew,GROUND,-,300,50,75,85,20,30,40
0027,Alolan Sandshrew,Sandshrew,ICE,STEEL,300,50,75,90,10,35,40
0028,Sandslash,Sandslash,GROUND,-,450,75,100,110,45,55,65
0028,Alolan Sandslash,Sandslash,ICE,STEEL,450,75,100,120,25,65,65
0029,Nidoran♀,Nidoran♀,POISON,-,275,55,47,52,40,40,41
0030,Nidorina,Nidorina,POISON,-,365,70,62,67,55,55,56
0031,Nidoqueen,Nidoqueen,POISON,GROUND,505,90,92,87,75,85,76
0032,Nidoran♂,Nidoran♂,POISON,-,273,46,57,40,40,40,50
0033,Nidorino,Nidorino,POISON,-,365,61,72,57,55,55,65
0034,Nidoking,Nidoking,POISON,GROUND,505,81,102,77,85,75,85
0035,Clefairy,Clefairy,FAIRY,-,323,70,45,48,60,65,35
0036,Clefable,Clefable,FAIRY,-,483,95,70,73,95,90,60
0037,Vulpix,Vulpix,FIRE,-,299,38,41,40,50,65,65
0037,Alolan Vulpix,Vulpix,ICE,-,299,38,41,40,50,65,65
0038,Ninetales,Ninetales,FIRE,-,505,73,76,75,81,100,100
0038,Alolan Ninetales,Ninetales,ICE,FAIRY,505,73,67,75,81,100,109
0039,Jigglypuff,Jigglypuff,NORMAL,FAIRY,270,115,45,20,45,25,20
0040,Wigglytuff,Wigglytuff,NORMAL,FAIRY,435,140,70,45,85,50,45
0041,Zubat,Zubat,POISON,FLYING,245,40,45,35,30,40,55
0042,Golbat,Golbat,POISON,FLYING,455,75,80,70,65,75,90
0043,Oddish,Oddish,GRASS,POISON,320,45,50,55,75,65,30
0044,Gloom,Gloom,GRASS,POISON,395,60,65,70,85,75,40
0045,Vileplume,Vileplume,GRASS,POISON,490,75,80,85,110,90,50
0046,Paras,Paras,BUG,GRASS,285,35,70,55,45,55,25
0047,Parasect,Parasect,BUG,GRASS,405,60,95,80,60,80,30
0048,Venonat,Venonat,BUG,POISON,305,60,55,50,40,55,45
0049,Venomoth,Venomoth,BUG,POISON,450,70,65,60,90,75,90
0050,Diglett,Diglett,GROUND,-,265,10,55,25,35,45,95
0050,Alolan Diglett,Diglett,GROUND,STEEL,265,10,55,30,35,45,90
0051,Dugtrio,Dugtrio,GROUND,-,425,35,100,50,50,70,120
0051,Alolan Dugtrio,Dugtrio,GROUND,STEEL,425,35,100,60,50,70,110
0052,Meowth,Meowth,NORMAL,-,290,40,45,35,40,40,90
0052,Alolan Meowth,Meowth,DARK,-,290,40,35,35,50,40,90
0052,Galarian Meowth,Meowth,STEEL,-,290,50,65,55,40,40,40
0053,Persian,Persian,NORMAL,-,440,65,70,60,65,65,115
0053,Alolan Persian,Persian,DARK,-,440,65,60,60,75,65,115
0054,Psyduck,Psyduck,WATER,-,320,50,52,48,65,50,55
0055,Golduck,Golduck,WATER,-,500,80,82,78,95,80,85
0056,Mankey,Mankey,FIGHTING,-,305,40,80,35,35,45,70
0057,Primeape,Primeape,FIGHTING,-,455,65,105,60,60,70,95
0058,Growlithe,Growlithe,FIRE,-,350,55,70,45,70,50,60
0058,Hisuian Growlithe,Growlithe,FIRE,ROCK,350,60,75,45,65,50,55
0059,Arcanine,Arcanine,FIRE,-,555,90,110,80,100,80,95
0059,Hisuian Arcanine,Arcanine,FIRE,ROCK,555,95,115,80,95,80,90
0060,Poliwag,Poliwag,WATER,-,300,40,50,40,40,40,90
0061,Poliwhirl,Poliwhirl,WATER,-,385,65,65,65,50,50,90
0062,Poliwrath,Poliwrath,WATER,FIGHTING,510,90,95,95,70,90,70
0063,Abra,Abra,PSYCHIC,-,310,25,20,15,105,55,90
0064,Kadabra,Kadabra,PSYCHIC,-,400,40,35,30,120,70,105
0065,Alakazam,Alakazam,PSYCHIC,-,500,55,50,45,135,95,120
0065,Mega Alakazam,Alakazam,PSYCHIC,-,600,55,50,65,175,105,150
0066,Machop,Machop,FIGHTING,-,305,70,80,50,35,35,35
0067,Machoke,Machoke,FIGHTING,-,405,80,100,70,50,60,45
0068,Machamp,Machamp,FIGHTING,-,505,90,130,80,65,85,55
0069,Bellsprout,Bellsprout,GRASS,POISON,300,50,75,35,70,30,40
0070,Weepinbell,Weepinbell,GRASS,POISON,390,65,90,50,85,45,55
0071,Victreebel,Victreebel,GRASS,POISON,490,80,105,65,100,70,70
0072,Tentacool,Tentacool,WATER,POISON,335,40,40,35,50,100,70
0073,Tentacruel,Tentacruel,WATER,POISON,515,80,70,65,80,120,100
0074,Geodude,Geodude,ROCK,GROUND,300,40,80,100,30,30,20
0074,Alolan Geodude,Geodude,ROCK,ELECTRIC,300,40,80,100,30,30,20
0075,Graveler,Graveler,ROCK,GROUND,390,55,95,115,45,45,35
0075,Alolan Graveler,Graveler,ROCK,ELECTRIC,390,55,95,115,45,45,35
0076,Golem,Golem,ROCK,GROUND,495,80,120,130,55,65,45
0076,Alolan Golem,Golem,ROCK,ELECTRIC,495,80,120,130,55,65,45
0077,Ponyta,Ponyta,FIRE,-,410,50,85,55,65,65,90
0077,Galarian Ponyta,Ponyta,PSYCHIC,-,410,50,85,55,65,65,90
0078,Rapidash,Rapidash,FIRE,-,500,65,100,70,80,80,105
0078,Galarian Rapidash,Rapidash,PSYCHIC,FAIRY,500,65,100,70,80,80,105
0079,Slowpoke,Slowpoke,WATER,PSYCHIC,315,90,65,65,40,40,15
0079,Galarian Slowpoke,Slowpoke,PSYCHIC,-,315,90,65,65,40,40,15
0080,Slowbro,Slowbro,WATER,PSYCHIC,490,95,75,110,100,80,30
0080,Mega Slowbro,Slowbro,WATER,PSYCHIC,590,95,75,180,130,80,30
0080,Galarian Slowbro,Slowbro,POISON,PSYCHIC,490,95,100,95,100,70,30
0081,Magnemite,Magnemite,ELECTRIC,STEEL,325,25,35,70,95,55,45
0082,Magneton,Magneton,ELECTRIC,STEEL,465,50,60,95,120,70,70
0083,Farfetch'd,Farfetch'd,NORMAL,FLYING,377,52,90,55,58,62,60
0083,Galarian Farfetch'd,Farfetch'd,FIGHTING,-,377,52,95,55,58,62,55
0084,Doduo,Doduo,NORMAL,FLYING,310,35,85,45,35,35,75
0085,Dodrio,Dodrio,NORMAL,FLYING,470,60,110,70,60,60,110
0086,Seel,Seel,WATER,-,325,65,45,55,45,70,45
0087,Dewgong,Dewgong,WATER,ICE,475,90,70,80,70,95,70
0088,Grimer,Grimer,POISON,-,325,80,80,50,40,50,25
0088,Alolan Grimer,Grimer,POISON,DARK,325,80,80,50,40,50,25
0089,Muk,Muk,POISON,-,500,105,105,75,65,100,50
0089,Alolan Muk,Muk,POISON,DARK,500,105,105,75,65,100,50
0090,Shellder,Shellder,WATER,-,305,30,65,100,45,25,40
0091,Cloyster,Cloyster,WATER,ICE,525,50,95,180,85,45,70
0092,Gastly,Gastly,GHOST,POISON,310,30,35,30,100,35,80
0093,Haunter,Haunter,GHOST,POISON,405,45,50,45,115,55,95
0094,Gengar,Gengar,GHOST,POISON,500,60,65,60,130,75,110
0094,Mega Gengar,Gengar,GHOST,POISON,600,60,65,80,170,95,130
0095,Onix,Onix,ROCK,GROUND,385,35,45,160,30,45,70
0096,Drowzee,Drowzee,PSYCHIC,-,328,60,48,45,43,90,42
0097,Hypno,Hypno,PSYCHIC,-,483,85,73,70,73,115,67
0098,Krabby,Krabby,WATER,-,325,30,105,90,25,25,50
0099,Kingler,Kingler,WATER,-,475,55,130,115,50,50,75
0100,Voltorb,Voltorb,ELECTRIC,-,330,40,30,50,55,55,100
0100,Hisuian Voltorb,Voltorb,ELECTRIC,GRASS,330,40,30,50,55,55,100
0101,Electrode,Electrode,ELECTRIC,-,490,60,50,70,80,80,150
0101,Hisuian Electrode,Electrode,ELECTRIC,GRASS,490,60,50,70,80,80,150
0102,Exeggcute,Exeggcute,GRASS,PSYCHIC,325,60,40,80,60,45,40
0103,Exeggutor,Exeggutor,GRASS,PSYCHIC,530,95,95,85,125,75,55
0103,Alolan Exeggutor,Exeggutor,GRASS,DRAGON,530,95,105,85,125,75,45
0104,Cubone,Cubone,GROUND,-,320,50,50,95,40,50,35
0105,Marowak,Marowak,GROUND,-,425,60,80,110,50,80,45
0105,Alolan Marowak,Marowak,FIRE,GHOST,425,60,80,110,50,80,45
0106,Hitmonlee,Hitmonlee,FIGHTING,-,455,50,120,53,35,110,87
0107,Hitmonchan,Hitmonchan,FIGHTING,-,455,50,105,79,35,110,76
0108,Lickitung,Lickitung,NORMAL,-,385,90,55,75,60,75,30
0109,Koffing,Koffing,POISON,-,340,40,65,95,60,45,35
0110,Weezing,Weezing,POISON,-,490,65,90,120,85,70,60
0110,Galarian Weezing,Weezing,POISON,FAIRY,490,65,90,120,85,70,60
0111,Rhyhorn,Rhyhorn,GROUND,ROCK,345,80,85,95,30,30,25
0112,Rhydon,Rhydon,GROUND,ROCK,485,105,130,120,45,45,40
0113,Chansey,Chansey,NORMAL,-,450,250,5,5,35,105,50
0114,Tangela,Tangela,GRASS,-,435,65,55,115,100,40,60
0115,Kangaskhan,Kangaskhan,NORMAL,-,490,105,95,80,40,80,90
0115,Mega Kangaskhan,Kangaskhan,NORMAL,-,590,105,125,100,60,100,100
0116,Horsea,Horsea,WATER,-,295,30,40,70,70,25,60
0117,Seadra,Seadra,WATER,-,440,55,65,95,95,45,85
0118,Goldeen,Goldeen,WATER,-,320,45,67,60,35,50,63
0119,Seaking,Seaking,WATER,-,450,80,92,65,65,80,68
0120,Staryu,Staryu,WATER,-,340,30,45,55,70,55,85
0121,Starmie,Starmie,WATER,PSYCHIC,520,60,75,85,100,85,115
0122,Mr. Mime,Mr. Mime,PSYCHIC,FAIRY,460,40,45,65,100,120,90
0122,Galarian Mr. Mime,Mr. Mime,ICE,PSYCHIC,460,50,65,65,90,90,100
0123,Scyther,Scyther,BUG,FLYING,500,70,110,80,55,80,105
0124,Jynx,Jynx,ICE,PSYCHIC,455,65,50,35,115,95,95
0125,Electabuzz,Electabuzz,ELECTRIC,-,490,65,83,57,95,85,105
0126,Magmar,Magmar,FIRE,-,495,65,95,57,100,85,93
0127,Pinsir,Pinsir,BUG,-,500,65,125,100,55,70,85
0127,Mega Pinsir,Pinsir,BUG,FLYING,600,65,155,120,65,90,105
0128,Tauros,Tauros,NORMAL,-,490,75,100,95,40,70,110
0128,Combat Breed,Tauros,FIGHTING,-,490,75,110,105,30,70,100
0128,Blaze Breed,Tauros,FIGHTING,FIRE,490,75,110,105,30,70,100
0128,Aqua Breed,Tauros,FIGHTING,WATER,490,75,110,105,30,70,100
0129,Magikarp,Magikarp,WATER,-,200,20,10,55,15,20,80
0130,Gyarados,Gyarados,WATER,FLYING,540,95,125,79,60,100,81
0130,Mega Gyarados,Gyarados,WATER,DARK,640,95,155,109,70,130,81
0131,Lapras,Lapras,WATER,ICE,535,130,85,80,85,95,60
0132,Ditto,Ditto,NORMAL,-,288,48,48,48,48,48,48
0133,Eevee,Eevee,NORMAL,-,325,55,55,50,45,65,55
0133,Partner Eevee,Eevee,NORMAL,-,435,65,75,70,65,85,75
0134,Vaporeon,Vaporeon,WATER,-,525,130,65,60,110,95,65
0135,Jolteon,Jolteon,ELECTRIC,-,525,65,65,60,110,95,130
0136,Flareon,Flareon,FIRE,-,525,65,130,60,95,110,65
0137,Porygon,Porygon,NORMAL,-,395,65,60,70,85,75,40
0138,Omanyte,Omanyte,ROCK,WATER,355,35,40,100,90,55,35
0139,Omastar,Omastar,ROCK,WATER,495,70,60,125,115,70,55
0140,Kabuto,Kabuto,ROCK,WATER,355,30,80,90,55,45,55
0141,Kabutops,Kabutops,ROCK,WATER,495,60,115,105,65,70,80
0142,Aerodactyl,Aerodactyl,ROCK,FLYING,515,80,105,65,60,75,130
0142,Mega Aerodactyl,Aerodactyl,ROCK,FLYING,615,80,135,85,70,95,150
0143,Snorlax,Snorlax,NORMAL,-,540,160,110,65,65,110,30
0144,Articuno,Articuno,ICE,FLYING,580,90,85,100,95,125,85
0144,Galarian Articuno,Articuno,PSYCHIC,FLYING,580,90,85,85,125,100,95
0145,Zapdos,Zapdos,ELECTRIC,FLYING,580,90,90,85,125,90,100
0145,Galarian Zapdos,Zapdos,FIGHTING,FLYING,580,90,125,90,85,90,100
0146,Moltres,Moltres,FIRE,FLYING,580,90,100,90,125,85,90
0146,Galarian Moltres,Moltres,DARK,FLYING,580,90,85,90,100,125,90
0147,Dratini,Dratini,DRAGON,-,300,41,64,45,50,50,50
0148,Dragonair,Dragonair,DRAGON,-,420,61,84,65,70,70,70
0149,Dragonite,Dragonite,DRAGON,FLYING,600,91,134,95,100,100,80
0150,Mewtwo,Mewtwo,PSYCHIC,-,680,106,110,90,154,90,130
0150,Mega Mewtwo X,Mewtwo,PSYCHIC,FIGHTING,780,106,190,100,154,100,130
0150,Mega Mewtwo Y,Mewtwo,PSYCHIC,-,780,106,150,70,194,120,140
0151,Mew,Mew,PSYCHIC,-,600,100,100,100,100,100,100
0152,Chikorita,Chikorita,GRASS,-,318,45,49,65,49,65,45
0153,Bayleef,Bayleef,GRASS,-,405,60,62,80,63,80,60
0154,Meganium,Meganium,GRASS,-,525,80,82,100,83,100,80
0155,Cyndaquil,Cyndaquil,FIRE,-,309,39,52,43,60,50,65
0156,Quilava,Quilava,FIRE,-,405,58,64,58,80,65,80
0157,Typhlosion,Typhlosion,FIRE,-,534,78,84,78,109,85,100
0157,Hisuian Typhlosion,Typhlosion,FIRE,GHOST,534,73,84,78,119,85,95
0158,Totodile,Totodile,WATER,-,314,50,65,64,44,48,43
0159,Croconaw,Croconaw,WATER,-,405,65,80,80,59,63,58
0160,Feraligatr,Feraligatr,WATER,-,530,85,105,100,79,83,78
0161,Sentret,Sentret,NORMAL,-,215,35,46,34,35,45,20
0162,Furret,Furret,NORMAL,-,415,85,76,64,45,55,90
0163,Hoothoot,Hoothoot,NORMAL,FLYING,262,60,30,30,36,56,50
0164,Noctowl,Noctowl,NORMAL,FLYING,452,100,50,50,86,96,70
0165,Ledyba,Ledyba,BUG,FLYING,265,40,20,30,40,80,55
0166,Ledian,Ledian,BUG,FLYING,390,55,35,50,55,110,85
0167,Spinarak,Spinarak,BUG,POISON,250,40,60,40,40,40,30
0168,Ariados,Ariados,BUG,POISON,400,70,90,70,60,70,40
0169,Crobat,Crobat,POISON,FLYING,535,85,90,80,70,80,130
0170,Chinchou,Chinchou,WATER,ELECTRIC,330,75,38,38,56,56,67
0171,Lanturn,Lanturn,WATER,ELECTRIC,460,125,58,58,76,76,67
0172,Pichu,Pichu,ELECTRIC,-,205,20,40,15,35,35,60
0173,Cleffa,Cleffa,FAIRY,-,218,50,25,28,45,55,15
0174,Igglybuff,Igglybuff,NORMAL,FAIRY,210,90,30,15,40,20,15
0175,Togepi,Togepi,FAIRY,-,245,35,20,65,40,65,20
0176,Togetic,Togetic,FAIRY,FLYING,405,55,40,85,80,105,40
0177,Natu,Natu,PSYCHIC,FLYING,320,40,50,45,70,45,70
0178,Xatu,Xatu,PSYCHIC,FLYING,470,65,75,70,95,70,95
0179,Mareep,Mareep,ELECTRIC,-,280,55,40,40,65,45,35
0180,Flaaffy,Flaaffy,ELECTRIC,-,365,70,55,55,80,60,45
0181,Ampharos,Ampharos,ELECTRIC,-,510,90,75,85,115,90,55
0181,Mega Ampharos,Ampharos,ELECTRIC,DRAGON,610,90,95,105,165,110,45
0182,Bellossom,Bellossom,GRASS,-,490,75,80,95,90,100,50
0183,Marill,Marill,WATER,FAIRY,250,70,20,50,20,50,40
0184,Azumarill,Azumarill,WATER,FAIRY,420,100,50,80,60,80,50
0185,Sudowoodo,Sudowoodo,ROCK,-,410,70,100,115,30,65,30
0186,Politoed,Politoed,WATER,-,500,90,75,75,90,100,70
0187,Hoppip,Hoppip,GRASS,FLYING,250,35,35,40,35,55,50
0188,Skiploom,Skiploom,GRASS,FLYING,340,55,45,50,45,65,80
0189,Jumpluff,Jumpluff,GRASS,FLYING,460,75,55,70,55,95,110
0190,Aipom,Aipom,NORMAL,-,360,55,70,55,40,55,85
0191,Sunkern,Sunkern,GRASS,-,180,30,30,30,30,30,30
0192,Sunflora,Sunflora,GRASS,-,425,75,75,55,105,85,30
0193,Yanma,Yanma,BUG,FLYING,390,65,65,45,75,45,95
0194,Wooper,Wooper,WATER,GROUND,210,55,45,45,25,25,15
0194,Paldean Wooper,Wooper,POISON,GROUND,210,55,45,45,25,25,15
0195,Quagsire,Quagsire,WATER,GROUND,430,95,85,85,65,65,35
0196,Espeon,Espeon,PSYCHIC,-,525,65,65,60,130,95,110
0197,Umbreon,Umbreon,DARK,-,525,95,65,110,60,130,65
0198,Murkrow,Murkrow,DARK,FLYING,405,60,85,42,85,42,91
0199,Slowking,Slowking,WATER,PSYCHIC,490,95,75,80,100,110,30
0199,Galarian Slowking,Slowking,POISON,PSYCHIC,490,95,65,80,110,110,30
0200,Misdreavus,Misdreavus,GHOST,-,435,60,60,60,85,85,85
0201,Unown,Unown,PSYCHIC,-,336,48,72,48,72,48,48
0202,Wobbuffet,Wobbuffet,PSYCHIC,-,405,190,33,58,33,58,33
0203,Girafarig,Girafarig,NORMAL,PSYCHIC,455,70,80,65,90,65,85
0204,Pineco,Pineco,BUG,-,290,50,65,90,35,35,15
0205,Forretress,Forretress,BUG,STEEL,465,75,90,140,60,60,40
0206,Dunsparce,Dunsparce,NORMAL,-,415,100,70,70,65,65,45
0207,Gligar,Gligar,GROUND,FLYING,430,65,75,105,35,65,85
0208,Steelix,Steelix,STEEL,GROUND,510,75,85,200,55,65,30
0208,Mega Steelix,Steelix,STEEL,GROUND,610,75,125,230,55,95,30
0209,Snubbull,Snubbull,FAIRY,-,300,60,80,50,40,40,30
0210,Granbull,Granbull,FAIRY,-,450,90,120,75,60,60,45
0211,Qwilfish,Qwilfish,WATER,POISON,440,65,95,85,55,55,85
0211,Hisuian Qwilfish,Qwilfish,DARK,POISON,440,65,95,85,55,55,85
0212,Scizor,Scizor,BUG,STEEL,500,70,130,100,55,80,65
0212,Mega Scizor,Scizor,BUG,STEEL,600,70,150,140,65,100,75
0213,Shuckle,Shuckle,BUG,ROCK,505,20,10,230,10,230,5
0214,Heracross,Heracross,BUG,FIGHTING,500,80,125,75,40,95,85
0214,Mega Heracross,Heracross,BUG,FIGHTING,600,80,185,115,40,105,75
0215,Sneasel,Sneasel,DARK,ICE,430,55,95,55,35,75,115
0215,Hisuian Sneasel,Sneasel,FIGHTING,POISON,430,55,95,55,35,75,115
0216,Teddiursa,Teddiursa,NORMAL,-,330,60,80,50,50,50,40
0217,Ursaring,Ursaring,NORMAL,-,500,90,130,75,75,75,55
0218,Slugma,Slugma,FIRE,-,250,40,40,40,70,40,20
0219,Magcargo,Magcargo,FIRE,ROCK,430,60,50,120,90,80,30
0220,Swinub,Swinub,ICE,GROUND,250,50,50,40,30,30,50
0221,Piloswine,Piloswine,ICE,GROUND,450,100,100,80,60,60,50
0222,Corsola,Corsola,WATER,ROCK,410,65,55,95,65,95,35
0222,Galarian Corsola,Corsola,GHOST,-,410,60,55,100,65,100,30
0223,Remoraid,Remoraid,WATER,-,300,35,65,35,65,35,65
0224,Octillery,Octillery,WATER,-,480,75,105,75,105,75,45
0225,Delibird,Delibird,ICE,FLYING,330,45,55,45,65,45,75
0226,Mantine,Mantine,WATER,FLYING,485,85,40,70,80,140,70
0227,Skarmory,Skarmory,STEEL,FLYING,465,65,80,140,40,70,70
0228,Houndour,Houndour,DARK,FIRE,330,45,60,30,80,50,65
0229,Houndoom,Houndoom,DARK,FIRE,500,75,90,50,110,80,95
0229,Mega Houndoom,Houndoom,DARK,FIRE,600,75,90,90,140,90,115
0230,Kingdra,Kingdra,WATER,DRAGON,540,75,95,95,95,95,85
0231,Phanpy,Phanpy,GROUND,-,330,90,60,60,40,40,40
0232,Donphan,Donphan,GROUND,-,500,90,120,120,60,60,50
0233,Porygon2,Porygon2,NORMAL,-,515,85,80,90,105,95,60
0234,Stantler,Stantler,NORMAL,-,465,73,95,62,85,65,85
0235,Smeargle,Smeargle,NORMAL,-,250,55,20,35,20,45,75
0236,Tyrogue,Tyrogue,FIGHTING,-,210,35,35,35,35,35,35
0237,Hitmontop,Hitmontop,FIGHTING,-,455,50,95,95,35,110,70
0238,Smoochum,Smoochum,ICE,PSYCHIC,305,45,30,15,85,65,65
0239,Elekid,Elekid,ELECTRIC,-,360,45,63,37,65,55,95
0240,Magby,Magby,FIRE,-,365,45,75,37,70,55,83
0241,Miltank,Miltank,NORMAL,-,490,95,80,105,40,70,100
0242,Blissey,Blissey,NORMAL,-,540,255,10,10,75,135,55
0243,Raikou,Raikou,ELECTRIC,-,580,90,85,75,115,100,115
0244,Entei,Entei,FIRE,-,580,115,115,85,90,75,100
0245,Suicune,Suicune,WATER,-,580,100,75,115,90,115,85
0246,Larvitar,Larvitar,ROCK,GROUND,300,50,64,50,45,50,41
0247,Pupitar,Pupitar,ROCK,GROUND,410,70,84,70,65,70,51
0248,Tyranitar,Tyranitar,ROCK,DARK,600,100,134,110,95,100,61
0248,Mega Tyranitar,Tyranitar,ROCK,DARK,700,100,164,150,95,120,71
0249,Lugia,Lugia,PSYCHIC,FLYING,680,106,90,130,90,154,110
0250,Ho-oh,Ho-oh,FIRE,FLYING,680,106,130,90,110,154,90
0251,Celebi,Celebi,PSYCHIC,GRASS,600,100,100,100,100,100,100
0252,Treecko,Treecko,GRASS,-,310,40,45,35,65,55,70
0253,Grovyle,Grovyle,GRASS,-,405,50,65,45,85,65,95
0254,Sceptile,Sceptile,GRASS,-,530,70,85,65,105,85,120
0254,Mega Sceptile,Sceptile,GRASS,DRAGON,630,70,110,75,145,85,145
0255,Torchic,Torchic,FIRE,-,310,45,60,40,70,50,45
0256,Combusken,Combusken,FIRE,FIGHTING,405,60,85,60,85,60,55
0257,Blaziken,Blaziken,FIRE,FIGHTING,530,80,120,70,110,70,80
0257,Mega Blaziken,Blaziken,FIRE,FIGHTING,630,80,160,80,130,80,100
0258,Mudkip,Mudkip,WATER,-,310,50,70,50,50,50,40
0259,Marshtomp,Marshtomp,WATER,GROUND,405,70,85,70,60,70,50
0260,Swampert,Swampert,WATER,GROUND,535,100,110,90,85,90,60
0260,Mega Swampert,Swampert,WATER,GROUND,635,100,150,110,95,110,70
0261,Poochyena,Poochyena,DARK,-,220,35,55,35,30,30,35
0262,Mightyena,Mightyena,DARK,-,420,70,90,70,60,60,70
0263,Zigzagoon,Zigzagoon,NORMAL,-,240,38,30,41,30,41,60
0263,Galarian Zigzagoon,Zigzagoon,DARK,NORMAL,240,38,30,41,30,41,60
0264,Linoone,Linoone,NORMAL,-,420,78,70,61,50,61,100
0264,Galarian Linoone,Linoone,DARK,NORMAL,420,78,70,61,50,61,100
0265,Wurmple,Wurmple,BUG,-,195,45,45,35,20,30,20
0266,Silcoon,Silcoon,BUG,-,205,50,35,55,25,25,15
0267,Beautifly,Beautifly,BUG,FLYING,395,60,70,50,100,50,65
0268,Cascoon,Cascoon,BUG,-,205,50,35,55,25,25,15
0269,Dustox,Dustox,BUG,POISON,385,60,50,70,50,90,65
0270,Lotad,Lotad,WATER,GRASS,220,40,30,30,40,50,30
0271,Lombre,Lombre,WATER,GRASS,340,60,50,50,60,70,50
0272,Ludicolo,Ludicolo,WATER,GRASS,480,80,70,70,90,100,70
0273,Seedot,Seedot,GRASS,-,220,40,40,50,30,30,30
0274,Nuzleaf,Nuzleaf,GRASS,DARK,340,70,70,40,60,40,60
0275,Shiftry,Shiftry,GRASS,DARK,480,90,100,60,90,60,80
0276,Taillow,Taillow,NORMAL,FLYING,270,40,55,30,30,30,85
0277,Swellow,Swellow,NORMAL,FLYING,455,60,85,60,75,50,125
0278,Wingull,Wingull,WATER,FLYING,270,40,30,30,55,30,85
0279,Pelipper,Pelipper,WATER,FLYING,440,60,50,100,95,70,65
0280,Ralts,Ralts,PSYCHIC,FAIRY,198,28,25,25,45,35,40
0281,Kirlia,Kirlia,PSYCHIC,FAIRY,278,38,35,35,65,55,50
0282,Gardevoir,Gardevoir,PSYCHIC,FAIRY,518,68,65,65,125,115,80
0282,Mega Gardevoir,Gardevoir,PSYCHIC,FAIRY,618,68,85,65,165,135,100
0283,Surskit,Surskit,BUG,WATER,269,40,30,32,50,52,65
0284,Masquerain,Masquerain,BUG,FLYING,454,70,60,62,100,82,80
0285,Shroomish,Shroomish,GRASS,-,295,60,40,60,40,60,35
0286,Breloom,Breloom,GRASS,FIGHTING,460,60,130,80,60,60,70
0287,Slakoth,Slakoth,NORMAL,-,280,60,60,60,35,35,30
0288,Vigoroth,Vigoroth,NORMAL,-,440,80,80,80,55,55,90
0289,Slaking,Slaking,NORMAL,-,670,150,160,100,95,65,100
0290,Nincada,Nincada,BUG,GROUND,266,31,45,90,30,30,40
0291,Ninjask,Ninjask,BUG,FLYING,456,61,90,45,50,50,160
0292,Shedinja,Shedinja,BUG,GHOST,236,1,90,45,30,30,40
0293,Whismur,Whismur,NORMAL,-,240,64,51,23,51,23,28
0294,Loudred,Loudred,NORMAL,-,360,84,71,43,71,43,48
0295,Exploud,Exploud,NORMAL,-,490,104,91,63,91,73,68
0296,Makuhita,Makuhita,FIGHTING,-,237,72,60,30,20,30,25
0297,Hariyama,Hariyama,FIGHTING,-,474,144,120,60,40,60,50
0298,Azurill,Azurill,NORMAL,FAIRY,190,50,20,40,20,40,20
0299,Nosepass,Nosepass,ROCK,-,375,30,45,135,45,90,30
0300,Skitty,Skitty,NORMAL,-,260,50,45,45,35,35,50
0301,Delcatty,Delcatty,NORMAL,-,400,70,65,65,55,55,90
0302,Sableye,Sableye,DARK,GHOST,380,50,75,75,65,65,50
0302,Mega Sableye,Sableye,DARK,GHOST,480,50,85,125,85,115,20
0303,Mawile,Mawile,STEEL,FAIRY,380,50,85,85,55,55,50
0303,Mega Mawile,Mawile,STEEL,FAIRY,480,50,105,125,55,95,50
0304,Aron,Aron,STEEL,ROCK,330,50,70,100,40,40,30
0305,Lairon,Lairon,STEEL,ROCK,430,60,90,140,50,50,40
0306,Aggron,Aggron,STEEL,ROCK,530,70,110,180,60,60,50
0306,Mega Aggron,Aggron,STEEL,-,630,70,140,230,60,80,50
0307,Meditite,Meditite,FIGHTING,PSYCHIC,280,30,40,55,40,55,60
0308,Medicham,Medicham,FIGHTING,PSYCHIC,410,60,60,75,60,75,80
0308,Mega Medicham,Medicham,FIGHTING,PSYCHIC,510,60,100,85,80,85,100
0309,Electrike,Electrike,ELECTRIC,-,295,40,45,40,65,40,65
0310,Manectric,Manectric,ELECTRIC,-,475,70,75,60,105,60,105
0310,Mega Manectric,Manectric,ELECTRIC,-,575,70,75,80,135,80,135
0311,Plusle,Plusle,ELECTRIC,-,405,60,50,40,85,75,95
0312,Minun,Minun,ELECTRIC,-,405,60,40,50,75,85,95
0313,Volbeat,Volbeat,BUG,-,430,65,73,75,47,85,85
0314,Illumise,Illumise,BUG,-,430,65,47,75,73,85,85
0315,Roselia,Roselia,GRASS,POISON,400,50,60,45,100,80,65
0316,Gulpin,Gulpin,POISON,-,302,70,43,53,43,53,40
0317,Swalot,Swalot,POISON,-,467,100,73,83,73,83,55
0318,Carvanha,Carvanha,WATER,DARK,305,45,90,20,65,20,65
0319,Sharpedo,Sharpedo,WATER,DARK,460,70,120,40,95,40,95
0319,Mega Sharpedo,Sharpedo,WATER,DARK,560,70,140,70,110,65,105
0320,Wailmer,Wailmer,WATER,-,400,130,70,35,70,35,60
0321,Wailord,Wailord,WATER,-,500,170,90,45,90,45,60
0322,Numel,Numel,FIRE,GROUND,305,60,60,40,65,45,35
0323,Camerupt,Camerupt,FIRE,GROUND,460,70,100,70,105,75,40
0323,Mega Camerupt,Camerupt,FIRE,GROUND,560,70,120,100,145,105,20
0324,Torkoal,Torkoal,FIRE,-,470,70,85,140,85,70,20
0325,Spoink,Spoink,PSYCHIC,-,330,60,25,35,70,80,60
0326,Grumpig,Grumpig,PSYCHIC,-,470,80,45,65,90,110,80
0327,Spinda,Spinda,NORMAL,-,360,60,60,60,60,60,60
0328,Trapinch,Trapinch,GROUND,-,290,45,100,45,45,45,10
0329,Vibrava,Vibrava,GROUND,DRAGON,340,50,70,50,50,50,70
0330,Flygon,Flygon,GROUND,DRAGON,520,80,100,80,80,80,100
0331,Cacnea,Cacnea,GRASS,-,335,50,85,40,85,40,35
0332,Cacturne,Cacturne,GRASS,DARK,475,70,115,60,115,60,55
0333,Swablu,Swablu,NORMAL,FLYING,310,45,40,60,40,75,50
0334,Altaria,Altaria,DRAGON,FLYING,490,75,70,90,70,105,80
0334,Mega Altaria,Altaria,DRAGON,FAIRY,590,75,110,110,110,105,80
0335,Zangoose,Zangoose,NORMAL,-,458,73,115,60,60,60,90
0336,Seviper,Seviper,POISON,-,458,73,100,60,100,60,65
0337,Lunatone,Lunatone,ROCK,PSYCHIC,460,90,55,65,95,85,70
0338,Solrock,Solrock,ROCK,PSYCHIC,460,90,95,85,55,65,70
0339,Barboach,Barboach,WATER,GROUND,288,50,48,43,46,41,60
0340,Whiscash,Whiscash,WATER,GROUND,468,110,78,73,76,71,60
0341,Corphish,Corphish,WATER,-,308,43,80,65,50,35,35
0342,Crawdaunt,Crawdaunt,WATER,DARK,468,63,120,85,90,55,55
0343,Baltoy,Baltoy,GROUND,PSYCHIC,300,40,40,55,40,70,55
0344,Claydol,Claydol,GROUND,PSYCHIC,500,60,70,105,70,120,75
0345,Lileep,Lileep,ROCK,GRASS,355,66,41,77,61,87,23
0346,Cradily,Cradily,ROCK,GRASS,495,86,81,97,81,107,43
0347,Anorith,Anorith,ROCK,BUG,355,45,95,50,40,50,75
0348,Armaldo,Armaldo,ROCK,BUG,495,75,125,100,70,80,45
0349,Feebas,Feebas,WATER,-,200,20,15,20,10,55,80
0350,Milotic,Milotic,WATER,-,540,95,60,79,100,125,81
0351,Castform,Castform,NORMAL,-,420,70,70,70,70,70,70
0351,Sunny Form,Castform,FIRE,-,420,70,70,70,70,70,70
0351,Rainy Form,Castform,WATER,-,420,70,70,70,70,70,70
0351,Snowy Form,Castform,ICE,-,420,70,70,70,70,70,70
0352,Kecleon,Kecleon,NORMAL,-,440,60,90,70,60,120,40
0353,Shuppet,Shuppet,GHOST,-,295,44,75,35,63,33,45
0354,Banette,Banette,GHOST,-,455,64,115,65,83,63,65
0354,Mega Banette,Banette,GHOST,-,555,64,165,75,93,83,75
0355,Duskull,Duskull,GHOST,-,295,20,40,90,30,90,25
0356,Dusclops,Dusclops,GHOST,-,455,40,70,130,60,130,25
0357,Tropius,Tropius,GRASS,FLYING,460,99,68,83,72,87,51
0358,Chimecho,Chimecho,PSYCHIC,-,455,75,50,80,95,90,65
0359,Absol,Absol,DARK,-,465,65,130,60,75,60,75
0359,Mega Absol,Absol,DARK,-,565,65,150,60,115,60,115
0360,Wynaut,Wynaut,PSYCHIC,-,260,95,23,48,23,48,23
0361,Snorunt,Snorunt,ICE,-,300,50,50,50,50,50,50
0362,Glalie,Glalie,ICE,-,480,80,80,80,80,80,80
0362,Mega Glalie,Glalie,ICE,-,580,80,120,80,120,80,100
0363,Spheal,Spheal,ICE,WATER,290,70,40,50,55,50,25
0364,Sealeo,Sealeo,ICE,WATER,410,90,60,70,75,70,45
0365,Walrein,Walrein,ICE,WATER,530,110,80,90,95,90,65
0366,Clamperl,Clamperl,WATER,-,345,35,64,85,74,55,32
0367,Huntail,Huntail,WATER,-,485,55,104,105,94,75,52
0368,Gorebyss,Gorebyss,WATER,-,485,55,84,105,114,75,52
0369,Relicanth,Relicanth,WATER,ROCK,485,100,90,130,45,65,55
0370,Luvdisc,Luvdisc,WATER,-,330,43,30,55,40,65,97
0371,Bagon,Bagon,DRAGON,-,300,45,75,60,40,30,50
0372,Shelgon,Shelgon,DRAGON,-,420,65,95,100,60,50,50
0373,Salamence,Salamence,DRAGON,FLYING,600,95,135,80,110,80,100
0373,Mega Salamence,Salamence,DRAGON,FLYING,700,95,145,130,120,90,120
0374,Beldum,Beldum,STEEL,PSYCHIC,300,40,55,80,35,60,30
0375,Metang,Metang,STEEL,PSYCHIC,420,60,75,100,55,80,50
0376,Metagross,Metagross,STEEL,PSYCHIC,600,80,135,130,95,90,70
0376,Mega Metagross,Metagross,STEEL,PSYCHIC,700,80,145,150,105,110,110
0377,Regirock,Regirock,ROCK,-,580,80,100,200,50,100,50
0378,Regice,Regice,ICE,-,580,80,50,100,100,200,50
0379,Registeel,Registeel,STEEL,-,580,80,75,150,75,150,50
0380,Latias,Latias,DRAGON,PSYCHIC,600,80,80,90,110,130,110
0380,Mega Latias,Latias,DRAGON,PSYCHIC,700,80,100,120,140,150,110
0381,Latios,Latios,DRAGON,PSYCHIC,600,80,90,80,130,110,110
0381,Mega Latios,Latios,DRAGON,PSYCHIC,700,80,130,100,160,120,110
0382,Kyogre,Kyogre,WATER,-,670,100,100,90,150,140,90
0382,Primal Kyogre,Kyogre,WATER,-,770,100,150,90,180,160,90
0383,Groudon,Groudon,GROUND,-,670,100,150,140,100,90,90
0383,Primal Groudon,Groudon,GROUND,FIRE,770,100,180,160,150,90,90
0384,Rayquaza,Rayquaza,DRAGON,FLYING,680,105,150,90,150,90,95
0384,Mega Rayquaza,Rayquaza,DRAGON,FLYING,780,105,180,100,180,100,115
0385,Jirachi,Jirachi,STEEL,PSYCHIC,600,100,100,100,100,100,100
0386,Normal Forme,Deoxys,PSYCHIC,-,600,50,150,50,150,50,150
0386,Attack Forme,Deoxys,PSYCHIC,-,600,50,180,20,180,20,150
0386,Defense Forme,Deoxys,PSYCHIC,-,600,50,70,160,70,160,90
0386,Speed Forme,Deoxys,PSYCHIC,-,600,50,95,90,95,90,180
0387,Turtwig,Turtwig,GRASS,-,318,55,68,64,45,55,31
0388,Grotle,Grotle,GRASS,-,405,75,89,85,55,65,36
0389,Torterra,Torterra,GRASS,GROUND,525,95,109,105,75,85,56
0390,Chimchar,Chimchar,FIRE,-,309,44,58,44,58,44,61
0391,Monferno,Monferno,FIRE,FIGHTING,405,64,78,52,78,52,81
0392,Infernape,Infernape,FIRE,FIGHTING,534,76,104,71,104,71,108
0393,Piplup,Piplup,WATER,-,314,53,51,53,61,56,40
0394,Prinplup,Prinplup,WATER,-,405,64,66,68,81,76,50
0395,Empoleon,Empoleon,WATER,STEEL,530,84,86,88,111,101,60
0396,Starly,Starly,NORMAL,FLYING,245,40,55,30,30,30,60
0397,Staravia,Staravia,NORMAL,FLYING,340,55,75,50,40,40,80
0398,Staraptor,Staraptor,NORMAL,FLYING,485,85,120,70,50,60,100
0399,Bidoof,Bidoof,NORMAL,-,250,59,45,40,35,40,31
0400,Bibarel,Bibarel,NORMAL,WATER,410,79,85,60,55,60,71
0401,Kricketot,Kricketot,BUG,-,194,37,25,41,25,41,25
0402,Kricketune,Kricketune,BUG,-,384,77,85,51,55,51,65
0403,Shinx,Shinx,ELECTRIC,-,263,45,65,34,40,34,45
0404,Luxio,Luxio,ELECTRIC,-,363,60,85,49,60,49,60
0405,Luxray,Luxray,ELECTRIC,-,523,80,120,79,95,79,70
0406,Budew,Budew,GRASS,POISON,280,40,30,35,50,70,55
0407,Roserade,Roserade,GRASS,POISON,515,60,70,65,125,105,90
0408,Cranidos,Cranidos,ROCK,-,350,67,125,40,30,30,58
0409,Rampardos,Rampardos,ROCK,-,495,97,165,60,65,50,58
0410,Shieldon,Shieldon,ROCK,STEEL,350,30,42,118,42,88,30
0411,Bastiodon,Bastiodon,ROCK,STEEL,495,60,52,168,47,138,30
0412,Plant Cloak,Burmy,BUG,-,224,40,29,45,29,45,36
0412,Sandy Cloak,Burmy,BUG,-,224,40,29,45,29,45,36
0412,Trash Cloak,Burmy,BUG,-,224,40,29,45,29,45,36
0413,Plant Cloak,Wormadam,BUG,GRASS,424,60,59,85,79,105,36
0413,Sandy Cloak,Wormadam,BUG,GROUND,424,60,79,105,59,85,36
0413,Trash Cloak,Wormadam,BUG,STEEL,424,60,69,95,69,95,36
0414,Mothim,Mothim,BUG,FLYING,424,70,94,50,94,50,66
0415,Combee,Combee,BUG,FLYING,244,30,30,42,30,42,70
0416,Vespiquen,Vespiquen,BUG,FLYING,474,70,80,102,80,102,40
0417,Pachirisu,Pachirisu,ELECTRIC,-,405,60,45,70,45,90,95
0418,Buizel,Buizel,WATER,-,330,55,65,35,60,30,85
0419,Floatzel,Floatzel,WATER,-,495,85,105,55,85,50,115
0420,Cherubi,Cherubi,GRASS,-,275,45,35,45,62,53,35
0421,Cherrim,Cherrim,GRASS,-,450,70,60,70,87,78,85
0422,Shellos,Shellos,WATER,-,325,76,48,48,57,62,34
0423,Gastrodon,Gastrodon,WATER,GROUND,475,111,83,68,92,82,39
0424,Ambipom,Ambipom,NORMAL,-,482,75,100,66,60,66,115
0425,Drifloon,Drifloon,GHOST,FLYING,348,90,50,34,60,44,70
0426,Drifblim,Drifblim,GHOST,FLYING,498,150,80,44,90,54,80
0427,Buneary,Buneary,NORMAL,-,350,55,66,44,44,56,85
0428,Lopunny,Lopunny,NORMAL,-,480,65,76,84,54,96,105
0428,Mega Lopunny,Lopunny,NORMAL,FIGHTING,580,65,136,94,54,96,135
0429,Mismagius,Mismagius,GHOST,-,495,60,60,60,105,105,105
0430,Honchkrow,Honchkrow,DARK,FLYING,505,100,125,52,105,52,71
0431,Glameow,Glameow,NORMAL,-,310,49,55,42,42,37,85
0432,Purugly,Purugly,NORMAL,-,452,71,82,64,64,59,112
0433,Chingling,Chingling,PSYCHIC,-,285,45,30,50,65,50,45
0434,Stunky,Stunky,POISON,DARK,329,63,63,47,41,41,74
0435,Skuntank,Skuntank,POISON,DARK,479,103,93,67,71,61,84
0436,Bronzor,Bronzor,STEEL,PSYCHIC,300,57,24,86,24,86,23
0437,Bronzong,Bronzong,STEEL,PSYCHIC,500,67,89,116,79,116,33
0438,Bonsly,Bonsly,ROCK,-,290,50,80,95,10,45,10
0439,Mime Jr.,Mime Jr.,PSYCHIC,FAIRY,310,20,25,45,70,90,60
0440,Happiny,Happiny,NORMAL,-,220,100,5,5,15,65,30
0441,Chatot,Chatot,NORMAL,FLYING,411,76,65,45,92,42,91
0442,Spiritomb,Spiritomb,GHOST,DARK,485,50,92,108,92,108,35
0443,Gible,Gible,DRAGON,GROUND,300,58,70,45,40,45,42
0444,Gabite,Gabite,DRAGON,GROUND,410,68,90,65,50,55,82
0445,Garchomp,Garchomp,DRAGON,GROUND,600,108,130,95,80,85,102
0445,Mega Garchomp,Garchomp,DRAGON,GROUND,700,108,170,115,120,95,92
0446,Munchlax,Munchlax,NORMAL,-,390,135,85,40,40,85,5
0447,Riolu,Riolu,FIGHTING,-,285,40,70,40,35,40,60
0448,Lucario,Lucario,FIGHTING,STEEL,525,70,110,70,115,70,90
0448,Mega Lucario,Lucario,FIGHTING,STEEL,625,70,145,88,140,70,112
0449,Hippopotas,Hippopotas,GROUND,-,330,68,72,78,38,42,32
0450,Hippowdon,Hippowdon,GROUND,-,525,108,112,118,68,72,47
0451,Skorupi,Skorupi,POISON,BUG,330,40,50,90,30,55,65
0452,Drapion,Drapion,POISON,DARK,500,70,90,110,60,75,95
0453,Croagunk,Croagunk,POISON,FIGHTING,300,48,61,40,61,40,50
0454,Toxicroak,Toxicroak,POISON,FIGHTING,490,83,106,65,86,65,85
0455,Carnivine,Carnivine,GRASS,-,454,74,100,72,90,72,46
0456,Finneon,Finneon,WATER,-,330,49,49,56,49,61,66
0457,Lumineon,Lumineon,WATER,-,460,69,69,76,69,86,91
0458,Mantyke,Mantyke,WATER,FLYING,345,45,20,50,60,120,50
0459,Snover,Snover,GRASS,ICE,334,60,62,50,62,60,40
0460,Abomasnow,Abomasnow,GRASS,ICE,494,90,92,75,92,85,60
0460,Mega Abomasnow,Abomasnow,GRASS,ICE,594,90,132,105,132,105,30
0461,Weavile,Weavile,DARK,ICE,510,70,120,65,45,85,125
0462,Magnezone,Magnezone,ELECTRIC,STEEL,535,70,70,115,130,90,60
0463,Lickilicky,Lickilicky,NORMAL,-,515,110,85,95,80,95,50
0464,Rhyperior,Rhyperior,GROUND,ROCK,535,115,140,130,55,55,40
0465,Tangrowth,Tangrowth,GRASS,-,535,100,100,125,110,50,50
0466,Electivire,Electivire,ELECTRIC,-,540,75,123,67,95,85,95
0467,Magmortar,Magmortar,FIRE,-,540,75,95,67,125,95,83
0468,Togekiss,Togekiss,FAIRY,FLYING,545,85,50,95,120,115,80
0469,Yanmega,Yanmega,BUG,FLYING,515,86,76,86,116,56,95
0470,Leafeon,Leafeon,GRASS,-,525,65,110,130,60,65,95
0471,Glaceon,Glaceon,ICE,-,525,65,60,110,130,95,65
0472,Gliscor,Gliscor,GROUND,FLYING,510,75,95,125,45,75,95
0473,Mamoswine,Mamoswine,ICE,GROUND,530,110,130,80,70,60,80
0474,Porygon-Z,Porygon-Z,NORMAL,-,535,85,80,70,135,75,90
0475,Gallade,Gallade,PSYCHIC,FIGHTING,518,68,125,65,65,115,80
0475,Mega Gallade,Gallade,PSYCHIC,FIGHTING,618,68,165,95,65,115,110
0476,Probopass,Probopass,ROCK,STEEL,525,60,55,145,75,150,40
0477,Dusknoir,Dusknoir,GHOST,-,525,45,100,135,65,135,45
0478,Froslass,Froslass,ICE,GHOST,480,70,80,70,80,70,110
0479,Rotom,Rotom,ELECTRIC,GHOST,440,50,50,77,95,77,91
0479,Heat Rotom,Rotom,ELECTRIC,FIRE,520,50,65,107,105,107,86
0479,Wash Rotom,Rotom,ELECTRIC,WATER,520,50,65,107,105,107,86
0479,Frost Rotom,Rotom,ELECTRIC,ICE,520,50,65,107,105,107,86
0479,Fan Rotom,Rotom,ELECTRIC,FLYING,520,50,65,107,105,107,86
0479,Mow Rotom,Rotom,ELECTRIC,GRASS,520,50,65,107,105,107,86
0480,Uxie,Uxie,PSYCHIC,-,580,75,75,130,75,130,95
0481,Mesprit,Mesprit,PSYCHIC,-,580,80,105,105,105,105,80
0482,Azelf,Azelf,PSYCHIC,-,580,75,125,70,125,70,115
0483,Dialga,Dialga,STEEL,DRAGON,680,100,120,120,150,100,90
0483,Origin Forme,Dialga,STEEL,DRAGON,680,100,100,120,150,120,90
0484,Palkia,Palkia,WATER,DRAGON,680,90,120,100,150,120,100
0484,Origin Forme,Palkia,WATER,DRAGON,680,90,100,100,150,120,120
0485,Heatran,Heatran,FIRE,STEEL,600,91,90,106,130,106,77
0486,Regigigas,Regigigas,NORMAL,-,670,110,160,110,80,110,100
0487,Altered Forme,Giratina,GHOST,DRAGON,680,150,100,120,100,120,90
0487,Origin Forme,Giratina,GHOST,DRAGON,680,150,120,100,120,100,90
0488,Cresselia,Cresselia,PSYCHIC,-,580,120,70,110,75,120,85
0489,Phione,Phione,WATER,-,480,80,80,80,80,80,80
0490,Manaphy,Manaphy,WATER,-,600,100,100,100,100,100,100
0491,Darkrai,Darkrai,DARK,-,600,70,90,90,135,90,125
0492,Land Forme,Shaymin,GRASS,-,600,100,100,100,100,100,100
0492,Sky Forme,Shaymin,GRASS,FLYING,600,100,103,75,120,75,127
0493,Arceus,Arceus,NORMAL,-,720,120,120,120,120,120,120
0494,Victini,Victini,PSYCHIC,FIRE,600,100,100,100,100,100,100
0495,Snivy,Snivy,GRASS,-,308,45,45,55,45,55,63
0496,Servine,Servine,GRASS,-,413,60,60,75,60,75,83
0497,Serperior,Serperior,GRASS,-,528,75,75,95,75,95,113
0498,Tepig,Tepig,FIRE,-,308,65,63,45,45,45,45
0499,Pignite,Pignite,FIRE,FIGHTING,418,90,93,55,70,55,55
0500,Emboar,Emboar,FIRE,FIGHTING,528,110,123,65,100,65,65
0501,Oshawott,Oshawott,WATER,-,308,55,55,45,63,45,45
0502,Dewott,Dewott,WATER,-,413,75,75,60,83,60,60
0503,Samurott,Samurott,WATER,-,528,95,100,85,108,70,70
0503,Hisuian Samurott,Samurott,WATER,DARK,528,90,108,80,100,65,85
0504,Patrat,Patrat,NORMAL,-,255,45,55,39,35,39,42
0505,Watchog,Watchog,NORMAL,-,420,60,85,69,60,69,77
0506,Lillipup,Lillipup,NORMAL,-,275,45,60,45,25,45,55
0507,Herdier,Herdier,NORMAL,-,370,65,80,65,35,65,60
0508,Stoutland,Stoutland,NORMAL,-,500,85,110,90,45,90,80
0509,Purrloin,Purrloin,DARK,-,281,41,50,37,50,37,66
0510,Liepard,Liepard,DARK,-,446,64,88,50,88,50,106
0511,Pansage,Pansage,GRASS,-,316,50,53,48,53,48,64
0512,Simisage,Simisage,GRASS,-,498,75,98,63,98,63,101
0513,Pansear,Pansear,FIRE,-,316,50,53,48,53,48,64
0514,Simisear,Simisear,FIRE,-,498,75,98,63,98,63,101
0515,Panpour,Panpour,WATER,-,316,50,53,48,53,48,64
0516,Simipour,Simipour,WATER,-,498,75,98,63,98,63,101
0517,Munna,Munna,PSYCHIC,-,292,76,25,45,67,55,24
0518,Musharna,Musharna,PSYCHIC,-,487,116,55,85,107,95,29
0519,Pidove,Pidove,NORMAL,FLYING,264,50,55,50,36,30,43
0520,Tranquill,Tranquill,NORMAL,FLYING,358,62,77,62,50,42,65
0521,Unfezant,Unfezant,NORMAL,FLYING,488,80,115,80,65,55,93
0522,Blitzle,Blitzle,ELECTRIC,-,295,45,60,32,50,32,76
0523,Zebstrika,Zebstrika,ELECTRIC,-,497,75,100,63,80,63,116
0524,Roggenrola,Roggenrola,ROCK,-,280,55,75,85,25,25,15
0525,Boldore,Boldore,ROCK,-,390,70,105,105,50,40,20
0526,Gigalith,Gigalith,ROCK,-,515,85,135,130,60,80,25
0527,Woobat,Woobat,PSYCHIC,FLYING,323,65,45,43,55,43,72
0528,Swoobat,Swoobat,PSYCHIC,FLYING,425,67,57,55,77,55,114
0529,Drilbur,Drilbur,GROUND,-,328,60,85,40,30,45,68
0530,Excadrill,Excadrill,GROUND,STEEL,508,110,135,60,50,65,88
0531,Audino,Audino,NORMAL,-,445,103,60,86,60,86,50
0531,Mega Audino,Audino,NORMAL,FAIRY,545,103,60,126,80,126,50
0532,Timburr,Timburr,FIGHTING,-,305,75,80,55,25,35,35
0533,Gurdurr,Gurdurr,FIGHTING,-,405,85,105,85,40,50,40
0534,Conkeldurr,Conkeldurr,FIGHTING,-,505,105,140,95,55,65,45
0535,Tympole,Tympole,WATER,-,294,50,50,40,50,40,64
0536,Palpitoad,Palpitoad,WATER,GROUND,384,75,65,55,65,55,69
0537,Seismitoad,Seismitoad,WATER,GROUND,509,105,95,75,85,75,74
0538,Throh,Throh,FIGHTING,-,465,120,100,85,30,85,45
0539,Sawk,Sawk,FIGHTING,-,465,75,125,75,30,75,85
0540,Sewaddle,Sewaddle,BUG,GRASS,310,45,53,70,40,60,42
0541,Swadloon,Swadloon,BUG,GRASS,380,55,63,90,50,80,42
0542,Leavanny,Leavanny,BUG,GRASS,500,75,103,80,70,80,92
0543,Venipede,Venipede,BUG,POISON,260,30,45,59,30,39,57
0544,Whirlipede,Whirlipede,BUG,POISON,360,40,55,99,40,79,47
0545,Scolipede,Scolipede,BUG,POISON,485,60,100,89,55,69,112
0546,Cottonee,Cottonee,GRASS,FAIRY,280,40,27,60,37,50,66
0547,Whimsicott,Whimsicott,GRASS,FAIRY,480,60,67,85,77,75,116
0548,Petilil,Petilil,GRASS,-,280,45,35,50,70,50,30
0549,Lilligant,Lilligant,GRASS,-,480,70,60,75,110,75,90
0549,Hisuian Lilligant,Lilligant,GRASS,FIGHTING,480,70,105,75,50,75,105
0550,Red-Striped Form,Basculin,WATER,-,460,70,92,65,80,55,98
0550,Blue-Striped Form,Basculin,WATER,-,460,70,92,65,80,55,98
0550,White-Striped Form,Basculin,WATER,-,460,70,92,65,80,55,98
0551,Sandile,Sandile,GROUND,DARK,292,50,72,35,35,35,65
0552,Krokorok,Krokorok,GROUND,DARK,351,60,82,45,45,45,74
0553,Krookodile,Krookodile,GROUND,DARK,519,95,117,80,65,70,92
0554,Darumaka,Darumaka,FIRE,-,315,70,90,45,15,45,50
0554,Galarian Darumaka,Darumaka,ICE,-,315,70,90,45,15,45,50
0555,Standard Mode,Darmanitan,FIRE,-,480,105,140,55,30,55,95
0555,Zen Mode,Darmanitan,FIRE,PSYCHIC,540,105,30,105,140,105,55
0555,Galarian Standard Mode,Darmanitan,ICE,-,480,105,140,55,30,55,95
0555,Galarian Zen Mode,Darmanitan,ICE,FIRE,540,105,160,55,30,55,135
0556,Maractus,Maractus,GRASS,-,461,75,86,67,106,67,60
0557,Dwebble,Dwebble,BUG,ROCK,325,50,65,85,35,35,55
0558,Crustle,Crustle,BUG,ROCK,485,70,105,125,65,75,45
0559,Scraggy,Scraggy,DARK,FIGHTING,348,50,75,70,35,70,48
0560,Scrafty,Scrafty,DARK,FIGHTING,488,65,90,115,45,115,58
0561,Sigilyph,Sigilyph,PSYCHIC,FLYING,490,72,58,80,103,80,97
0562,Yamask,Yamask,GHOST,-,303,38,30,85,55,65,30
0562,Galarian Yamask,Yamask,GROUND,GHOST,303,38,55,85,30,65,30
0563,Cofagrigus,Cofagrigus,GHOST,-,483,58,50,145,95,105,30
0564,Tirtouga,Tirtouga,WATER,ROCK,355,54,78,103,53,45,22
0565,Carracosta,Carracosta,WATER,ROCK,495,74,108,133,83,65,32
0566,Archen,Archen,ROCK,FLYING,401,55,112,45,74,45,70
0567,Archeops,Archeops,ROCK,FLYING,567,75,140,65,112,65,110
0568,Trubbish,Trubbish,POISON,-,329,50,50,62,40,62,65
0569,Garbodor,Garbodor,POISON,-,474,80,95,82,60,82,75
0570,Zorua,Zorua,DARK,-,330,40,65,40,80,40,65
0570,Hisuian Zorua,Zorua,NORMAL,GHOST,330,35,60,40,85,40,70
0571,Zoroark,Zoroark,DARK,-,510,60,105,60,120,60,105
0571,Hisuian Zoroark,Zoroark,NORMAL,GHOST,510,55,100,60,125,60,110
0572,Minccino,Minccino,NORMAL,-,300,55,50,40,40,40,75
0573,Cinccino,Cinccino,NORMAL,-,470,75,95,60,65,60,115
0574,Gothita,Gothita,PSYCHIC,-,290,45,30,50,55,65,45
0575,Gothorita,Gothorita,PSYCHIC,-,390,60,45,70,75,85,55
0576,Gothitelle,Gothitelle,PSYCHIC,-,490,70,55,95,95,110,65
0577,Solosis,Solosis,PSYCHIC,-,290,45,30,40,105,50,20
0578,Duosion,Duosion,PSYCHIC,-,370,65,40,50,125,60,30
0579,Reuniclus,Reuniclus,PSYCHIC,-,490,110,65,75,125,85,30
0580,Ducklett,Ducklett,WATER,FLYING,305,62,44,50,44,50,55
0581,Swanna,Swanna,WATER,FLYING,473,75,87,63,87,63,98
0582,Vanillite,Vanillite,ICE,-,305,36,50,50,65,60,44
0583,Vanillish,Vanillish,ICE,-,395,51,65,65,80,75,59
0584,Vanilluxe,Vanilluxe,ICE,-,535,71,95,85,110,95,79
0585,Deerling,Deerling,NORMAL,GRASS,335,60,60,50,40,50,75
0586,Sawsbuck,Sawsbuck,NORMAL,GRASS,475,80,100,70,60,70,95
0587,Emolga,Emolga,ELECTRIC,FLYING,428,55,75,60,75,60,103
0588,Karrablast,Karrablast,BUG,-,315,50,75,45,40,45,60
0589,Escavalier,Escavalier,BUG,STEEL,495,70,135,105,60,105,20
0590,Foongus,Foongus,GRASS,POISON,294,69,55,45,55,55,15
0591,Amoonguss,Amoonguss,GRASS,POISON,464,114,85,70,85,80,30
0592,Frillish,Frillish,WATER,GHOST,335,55,40,50,65,85,40
0593,Jellicent,Jellicent,WATER,GHOST,480,100,60,70,85,105,60
0594,Alomomola,Alomomola,WATER,-,470,165,75,80,40,45,65
0595,Joltik,Joltik,BUG,ELECTRIC,319,50,47,50,57,50,65
0596,Galvantula,Galvantula,BUG,ELECTRIC,472,70,77,60,97,60,108
0597,Ferroseed,Ferroseed,GRASS,STEEL,305,44,50,91,24,86,10
0598,Ferrothorn,Ferrothorn,GRASS,STEEL,489,74,94,131,54,116,20
0599,Klink,Klink,STEEL,-,300,40,55,70,45,60,30
0600,Klang,Klang,STEEL,-,440,60,80,95,70,85,50
0601,Klinklang,Klinklang,STEEL,-,520,60,100,115,70,85,90
0602,Tynamo,Tynamo,ELECTRIC,-,275,35,55,40,45,40,60
0603,Eelektrik,Eelektrik,ELECTRIC,-,405,65,85,70,75,70,40
0604,Eelektross,Eelektross,ELECTRIC,-,515,85,115,80,105,80,50
0605,Elgyem,Elgyem,PSYCHIC,-,335,55,55,55,85,55,30
0606,Beheeyem,Beheeyem,PSYCHIC,-,485,75,75,75,125,95,40
0607,Litwick,Litwick,GHOST,FIRE,275,50,30,55,65,55,20
0608,Lampent,Lampent,GHOST,FIRE,370,60,40,60,95,60,55
0609,Chandelure,Chandelure,GHOST,FIRE,520,60,55,90,145,90,80
0610,Axew,Axew,DRAGON,-,320,46,87,60,30,40,57
0611,Fraxure,Fraxure,DRAGON,-,410,66,117,70,40,50,67
0612,Haxorus,Haxorus,DRAGON,-,540,76,147,90,60,70,97
0613,Cubchoo,Cubchoo,ICE,-,305,55,70,40,60,40,40
0614,Beartic,Beartic,ICE,-,505,95,130,80,70,80,50
0615,Cryogonal,Cryogonal,ICE,-,515,80,50,50,95,135,105
0616,Shelmet,Shelmet,BUG,-,305,50,40,85,40,65,25
0617,Accelgor,Accelgor,BUG,-,495,80,70,40,100,60,145
0618,Stunfisk,Stunfisk,GROUND,ELECTRIC,471,109,66,84,81,99,32
0618,Galarian Stunfisk,Stunfisk,GROUND,STEEL,471,109,81,99,66,84,32
0619,Mienfoo,Mienfoo,FIGHTING,-,350,45,85,50,55,50,65
0620,Mienshao,Mienshao,FIGHTING,-,510,65,125,60,95,60,105
0621,Druddigon,Druddigon,DRAGON,-,485,77,120,90,60,90,48
0622,Golett,Golett,GROUND,GHOST,303,59,74,50,35,50,35
0623,Golurk,Golurk,GROUND,GHOST,483,89,124,80,55,80,55
0624,Pawniard,Pawniard,DARK,STEEL,340,45,85,70,40,40,60
0625,Bisharp,Bisharp,DARK,STEEL,490,65,125,100,60,70,70
0626,Bouffalant,Bouffalant,NORMAL,-,490,95,110,95,40,95,55
0627,Rufflet,Rufflet,NORMAL,FLYING,350,70,83,50,37,50,60
0628,Braviary,Braviary,NORMAL,FLYING,510,100,123,75,57,75,80
0628,Hisuian Braviary,Braviary,PSYCHIC,FLYING,510,110,83,70,112,70,65
0629,Vullaby,Vullaby,DARK,FLYING,370,70,55,75,45,65,60
0630,Mandibuzz,Mandibuzz,DARK,FLYING,510,110,65,105,55,95,80
0631,Heatmor,Heatmor,FIRE,-,484,85,97,66,105,66,65
0632,Durant,Durant,BUG,STEEL,484,58,109,112,48,48,109
0633,Deino,Deino,DARK,DRAGON,300,52,65,50,45,50,38
0634,Zweilous,Zweilous,DARK,DRAGON,420,72,85,70,65,70,58
0635,Hydreigon,Hydreigon,DARK,DRAGON,600,92,105,90,125,90,98
0636,Larvesta,Larvesta,BUG,FIRE,360,55,85,55,50,55,60
0637,Volcarona,Volcarona,BUG,FIRE,550,85,60,65,135,105,100
0638,Cobalion,Cobalion,STEEL,FIGHTING,580,91,90,129,90,72,108
0639,Terrakion,Terrakion,ROCK,FIGHTING,580,91,129,90,72,90,108
0640,Virizion,Virizion,GRASS,FIGHTING,580,91,90,72,90,129,108
0641,Incarnate Forme,Tornadus,FLYING,-,580,79,115,70,125,80,111
0641,Therian Forme,Tornadus,FLYING,-,580,79,100,80,110,90,121
0642,Incarnate Forme,Thundurus,ELECTRIC,FLYING,580,79,115,70,125,80,111
0642,Therian Forme,Thundurus,ELECTRIC,FLYING,580,79,105,70,145,80,101
0643,Reshiram,Reshiram,DRAGON,FIRE,680,100,120,100,150,120,90
0644,Zekrom,Zekrom,DRAGON,ELECTRIC,680,100,150,120,120,100,90
0645,Incarnate Forme,Landorus,GROUND,FLYING,600,89,125,90,115,80,101
0645,Therian Forme,Landorus,GROUND,FLYING,600,89,145,90,105,80,91
0646,Kyurem,Kyurem,DRAGON,ICE,660,125,130,90,130,90,95
0646,White Kyurem,Kyurem,DRAGON,ICE,700,125,120,90,170,100,95
0646,Black Kyurem,Kyurem,DRAGON,ICE,700,125,170,100,120,90,95
0647,Ordinary Form,Keldeo,WATER,FIGHTING,580,91,72,90,129,90,108
0647,Resolute Form,Keldeo,WATER,FIGHTING,580,91,72,90,129,90,108
0648,Aria Forme,Meloetta,NORMAL,PSYCHIC,600,100,77,77,128,128,90
0648,Pirouette Forme,Meloetta,NORMAL,FIGHTING,600,100,128,90,77,77,128
0649,Genesect,Genesect,BUG,STEEL,600,71,120,95,120,95,99
0650,Chespin,Chespin,GRASS,-,313,56,61,65,48,45,38
0651,Quilladin,Quilladin,GRASS,-,405,61,78,95,56,58,57
0652,Chesnaught,Chesnaught,GRASS,FIGHTING,530,88,107,122,74,75,64
0653,Fennekin,Fennekin,FIRE,-,307,40,45,40,62,60,60
0654,Braixen,Braixen,FIRE,-,409,59,59,58,90,70,73
0655,Delphox,Delphox,FIRE,PSYCHIC,534,75,69,72,114,100,104
0656,Froakie,Froakie,WATER,-,314,41,56,40,62,44,71
0657,Frogadier,Frogadier,WATER,-,405,54,63,52,83,56,97
0658,Greninja,Greninja,WATER,DARK,530,72,95,67,103,71,122
0658,Ash-Greninja,Greninja,WATER,DARK,640,72,145,67,153,71,132
0659,Bunnelby,Bunnelby,NORMAL,-,237,38,36,38,32,36,57
0660,Diggersby,Diggersby,NORMAL,GROUND,423,85,56,77,50,77,78
0661,Fletchling,Fletchling,NORMAL,FLYING,278,45,50,43,40,38,62
0662,Fletchinder,Fletchinder,FIRE,FLYING,382,62,73,55,56,52,84
0663,Talonflame,Talonflame,FIRE,FLYING,499,78,81,71,74,69,126
0664,Scatterbug,Scatterbug,BUG,-,200,38,35,40,27,25,35
0665,Spewpa,Spewpa,BUG,-,213,45,22,60,27,30,29
0666,Vivillon,Vivillon,BUG,FLYING,411,80,52,50,90,50,89
0667,Litleo,Litleo,FIRE,NORMAL,369,62,50,58,73,54,72
0668,Pyroar,Pyroar,FIRE,NORMAL,507,86,68,72,109,66,106
0669,Flabébé,Flabébé,FAIRY,-,303,44,38,39,61,79,42
0670,Floette,Floette,FAIRY,-,371,54,45,47,75,98,52
0671,Florges,Florges,FAIRY,-,552,78,65,68,112,154,75
0672,Skiddo,Skiddo,GRASS,-,350,66,65,48,62,57,52
0673,Gogoat,Gogoat,GRASS,-,531,123,100,62,97,81,68
0674,Pancham,Pancham,FIGHTING,-,348,67,82,62,46,48,43
0675,Pangoro,Pangoro,FIGHTING,DARK,495,95,124,78,69,71,58
0676,Furfrou,Furfrou,NORMAL,-,472,75,80,60,65,90,102
0677,Espurr,Espurr,PSYCHIC,-,355,62,48,54,63,60,68
0678,Male,Meowstic,PSYCHIC,-,466,74,48,76,83,81,104
0678,Female,Meowstic,PSYCHIC,-,466,74,48,76,83,81,104
0679,Honedge,Honedge,STEEL,GHOST,325,45,80,100,35,37,28
0680,Doublade,Doublade,STEEL,GHOST,448,59,110,150,45,49,35
0681,Shield Forme,Aegislash,STEEL,GHOST,500,60,50,140,50,140,60
0681,Blade Forme,Aegislash,STEEL,GHOST,500,60,140,50,140,50,60
0682,Spritzee,Spritzee,FAIRY,-,341,78,52,60,63,65,23
0683,Aromatisse,Aromatisse,FAIRY,-,462,101,72,72,99,89,29
0684,Swirlix,Swirlix,FAIRY,-,341,62,48,66,59,57,49
0685,Slurpuff,Slurpuff,FAIRY,-,480,82,80,86,85,75,72
0686,Inkay,Inkay,DARK,PSYCHIC,288,53,54,53,37,46,45
0687,Malamar,Malamar,DARK,PSYCHIC,482,86,92,88,68,75,73
0688,Binacle,Binacle,ROCK,WATER,306,42,52,67,39,56,50
0689,Barbaracle,Barbaracle,ROCK,WATER,500,72,105,115,54,86,68
0690,Skrelp,Skrelp,POISON,WATER,320,50,60,60,60,60,30
0691,Dragalge,Dragalge,POISON,DRAGON,494,65,75,90,97,123,44
0692,Clauncher,Clauncher,WATER,-,330,50,53,62,58,63,44
0693,Clawitzer,Clawitzer,WATER,-,500,71,73,88,120,89,59
0694,Helioptile,Helioptile,ELECTRIC,NORMAL,289,44,38,33,61,43,70
0695,Heliolisk,Heliolisk,ELECTRIC,NORMAL,481,62,55,52,109,94,109
0696,Tyrunt,Tyrunt,ROCK,DRAGON,362,58,89,77,45,45,48
0697,Tyrantrum,Tyrantrum,ROCK,DRAGON,521,82,121,119,69,59,71
0698,Amaura,Amaura,ROCK,ICE,362,77,59,50,67,63,46
0699,Aurorus,Aurorus,ROCK,ICE,521,123,77,72,99,92,58
0700,Sylveon,Sylveon,FAIRY,-,525,95,65,65,110,130,60
0701,Hawlucha,Hawlucha,FIGHTING,FLYING,500,78,92,75,74,63,118
0702,Dedenne,Dedenne,ELECTRIC,FAIRY,431,67,58,57,81,67,101
0703,Carbink,Carbink,ROCK,FAIRY,500,50,50,150,50,150,50
0704,Goomy,Goomy,DRAGON,-,300,45,50,35,55,75,40
0705,Sliggoo,Sliggoo,DRAGON,-,452,68,75,53,83,113,60
0705,Hisuian Sliggoo,Sliggoo,STEEL,DRAGON,452,58,75,83,83,113,40
0706,Goodra,Goodra,DRAGON,-,600,90,100,70,110,150,80
0706,Hisuian Goodra,Goodra,STEEL,DRAGON,600,80,100,100,110,150,60
0707,Klefki,Klefki,STEEL,FAIRY,470,57,80,91,80,87,75
0708,Phantump,Phantump,GHOST,GRASS,309,43,70,48,50,60,38
0709,Trevenant,Trevenant,GHOST,GRASS,474,85,110,76,65,82,56
0710,Average Size,Pumpkaboo,GHOST,GRASS,335,49,66,70,44,55,51
0710,Small Size,Pumpkaboo,GHOST,GRASS,335,44,66,70,44,55,56
0710,Large Size,Pumpkaboo,GHOST,GRASS,335,54,66,70,44,55,46
0710,Super Size,Pumpkaboo,GHOST,GRASS,335,59,66,70,44,55,41
0711,Average Size,Gourgeist,GHOST,GRASS,494,65,90,122,58,75,84
0711,Small Size,Gourgeist,GHOST,GRASS,494,55,85,122,58,75,99
0711,Large Size,Gourgeist,GHOST,GRASS,494,75,95,122,58,75,69
0711,Super Size,Gourgeist,GHOST,GRASS,494,85,100,122,58,75,54
0712,Bergmite,Bergmite,ICE,-,304,55,69,85,32,35,28
0713,Avalugg,Avalugg,ICE,-,514,95,117,184,44,46,28
0713,Hisuian Avalugg,Avalugg,ICE,ROCK,514,95,127,184,34,36,38
0714,Noibat,Noibat,FLYING,DRAGON,245,40,30,35,45,40,55
0715,Noivern,Noivern,FLYING,DRAGON,535,85,70,80,97,80,123
0716,Xerneas,Xerneas,FAIRY,-,680,126,131,95,131,98,99
0717,Yveltal,Yveltal,DARK,FLYING,680,126,131,95,131,98,99
0718,50% Forme,Zygarde,DRAGON,GROUND,600,108,100,121,81,95,95
0718,10% Forme,Zygarde,DRAGON,GROUND,486,54,100,71,61,85,115
0718,Complete Forme,Zygarde,DRAGON,GROUND,708,216,100,121,91,95,85
0719,Diancie,Diancie,ROCK,FAIRY,600,50,100,150,100,150,50
0719,Mega Diancie,Diancie,ROCK,FAIRY,700,50,160,110,160,110,110
0720,Hoopa Confined,Hoopa,PSYCHIC,GHOST,600,80,110,60,150,130,70
0720,Hoopa Unbound,Hoopa,PSYCHIC,DARK,680,80,160,60,170,130,80
0721,Volcanion,Volcanion,FIRE,WATER,600,80,110,120,130,90,70
0722,Rowlet,Rowlet,GRASS,FLYING,320,68,55,55,50,50,42
0723,Dartrix,Dartrix,GRASS,FLYING,420,78,75,75,70,70,52
0724,Decidueye,Decidueye,GRASS,GHOST,530,78,107,75,100,100,70
0724,Hisuian Decidueye,Decidueye,GRASS,FIGHTING,530,88,112,80,95,95,60
0725,Litten,Litten,FIRE,-,320,45,65,40,60,40,70
0726,Torracat,Torracat,FIRE,-,420,65,85,50,80,50,90
0727,Incineroar,Incineroar,FIRE,DARK,530,95,115,90,80,90,60
0728,Popplio,Popplio,WATER,-,320,50,54,54,66,56,40
0729,Brionne,Brionne,WATER,-,420,60,69,69,91,81,50
0730,Primarina,Primarina,WATER,FAIRY,530,80,74,74,126,116,60
0731,Pikipek,Pikipek,NORMAL,FLYING,265,35,75,30,30,30,65
0732,Trumbeak,Trumbeak,NORMAL,FLYING,355,55,85,50,40,50,75
0733,Toucannon,Toucannon,NORMAL,FLYING,485,80,120,75,75,75,60
0734,Yungoos,Yungoos,NORMAL,-,253,48,70,30,30,30,45
0735,Gumshoos,Gumshoos,NORMAL,-,418,88,110,60,55,60,45
0736,Grubbin,Grubbin,BUG,-,300,47,62,45,55,45,46
0737,Charjabug,Charjabug,BUG,ELECTRIC,400,57,82,95,55,75,36
0738,Vikavolt,Vikavolt,BUG,ELECTRIC,500,77,70,90,145,75,43
0739,Crabrawler,Crabrawler,FIGHTING,-,338,47,82,57,42,47,63
0740,Crabominable,Crabominable,FIGHTING,ICE,478,97,132,77,62,67,43
0741,Baile Style,Oricorio,FIRE,FLYING,476,75,70,70,98,70,93
0741,Pom-Pom Style,Oricorio,ELECTRIC,FLYING,476,75,70,70,98,70,93
0741,Pa'u Style,Oricorio,PSYCHIC,FLYING,476,75,70,70,98,70,93
0741,Sensu Style,Oricorio,GHOST,FLYING,476,75,70,70,98,70,93
0742,Cutiefly,Cutiefly,BUG,FAIRY,304,40,45,40,55,40,84
0743,Ribombee,Ribombee,BUG,FAIRY,464,60,55,60,95,70,124
0744,Rockruff,Rockruff,ROCK,-,280,45,65,40,30,40,60
0744,Own Tempo Rockruff,Rockruff,ROCK,-,280,45,65,40,30,40,60
0745,Midday Form,Lycanroc,ROCK,-,487,75,115,65,55,65,112
0745,Midnight Form,Lycanroc,ROCK,-,487,85,115,75,55,75,82
0745,Dusk Form,Lycanroc,ROCK,-,487,75,117,65,55,65,110
0746,Solo Form,Wishiwashi,WATER,-,175,45,20,20,25,25,40
0746,School Form,Wishiwashi,WATER,-,620,45,140,130,140,135,30
0747,Mareanie,Mareanie,POISON,WATER,305,50,53,62,43,52,45
0748,Toxapex,Toxapex,POISON,WATER,495,50,63,152,53,142,35
0749,Mudbray,Mudbray,GROUND,-,385,70,100,70,45,55,45
0750,Mudsdale,Mudsdale,GROUND,-,500,100,125,100,55,85,35
0751,Dewpider,Dewpider,WATER,BUG,269,38,40,52,40,72,27
0752,Araquanid,Araquanid,WATER,BUG,454,68,70,92,50,132,42
0753,Fomantis,Fomantis,GRASS,-,250,40,55,35,50,35,35
0754,Lurantis,Lurantis,GRASS,-,480,70,105,90,80,90,45
0755,Morelull,Morelull,GRASS,FAIRY,285,40,35,55,65,75,15
0756,Shiinotic,Shiinotic,GRASS,FAIRY,405,60,45,80,90,100,30
0757,Salandit,Salandit,POISON,FIRE,320,48,44,40,71,40,77
0758,Salazzle,Salazzle,POISON,FIRE,480,68,64,60,111,60,117
0759,Stufful,Stufful,NORMAL,FIGHTING,340,70,75,50,45,50,50
0760,Bewear,Bewear,NORMAL,FIGHTING,500,120,125,80,55,60,60
0761,Bounsweet,Bounsweet,GRASS,-,210,42,30,38,30,38,32
0762,Steenee,Steenee,GRASS,-,290,52,40,48,40,48,62
0763,Tsareena,Tsareena,GRASS,-,510,72,120,98,50,98,72
0764,Comfey,Comfey,FAIRY,-,485,51,52,90,82,110,100
0765,Oranguru,Oranguru,NORMAL,PSYCHIC,490,90,60,80,90,110,60
0766,Passimian,Passimian,FIGHTING,-,490,100,120,90,40,60,80
0767,Wimpod,Wimpod,BUG,WATER,230,25,35,40,20,30,80
0768,Golisopod,Golisopod,BUG,WATER,530,75,125,140,60,90,40
0769,Sandygast,Sandygast,GHOST,GROUND,320,55,55,80,70,45,15
0770,Palossand,Palossand,GHOST,GROUND,480,85,75,110,100,75,35
0771,Pyukumuku,Pyukumuku,WATER,-,410,55,60,130,30,130,5
0772,Type: Null,Type: Null,NORMAL,-,534,95,95,95,95,95,59
0773,Silvally,Silvally,NORMAL,-,570,95,95,95,95,95,95
0774,Meteor Form,Minior,ROCK,FLYING,440,60,60,100,60,100,60
0774,Core Form,Minior,ROCK,FLYING,500,60,100,60,100,60,120
0775,Komala,Komala,NORMAL,-,480,65,115,65,75,95,65
0776,Turtonator,Turtonator,FIRE,DRAGON,485,60,78,135,91,85,36
0777,Togedemaru,Togedemaru,ELECTRIC,STEEL,435,65,98,63,40,73,96
0778,Mimikyu,Mimikyu,GHOST,FAIRY,476,55,90,80,50,105,96
0779,Bruxish,Bruxish,WATER,PSYCHIC,475,68,105,70,70,70,92
0780,Drampa,Drampa,NORMAL,DRAGON,485,78,60,85,135,91,36
0781,Dhelmise,Dhelmise,GHOST,GRASS,517,70,131,100,86,90,40
0782,Jangmo-o,Jangmo-o,DRAGON,-,300,45,55,65,45,45,45
0783,Hakamo-o,Hakamo-o,DRAGON,FIGHTING,420,55,75,90,65,70,65
0784,Kommo-o,Kommo-o,DRAGON,FIGHTING,600,75,110,125,100,105,85
0785,Tapu Koko,Tapu Koko,ELECTRIC,FAIRY,570,70,115,85,95,75,130
0786,Tapu Lele,Tapu Lele,PSYCHIC,FAIRY,570,70,85,75,130,115,95
0787,Tapu Bulu,Tapu Bulu,GRASS,FAIRY,570,70,130,115,85,95,75
0788,Tapu Fini,Tapu Fini,WATER,FAIRY,570,70,75,115,95,130,85
0789,Cosmog,Cosmog,PSYCHIC,-,200,43,29,31,29,31,37
0790,Cosmoem,Cosmoem,PSYCHIC,-,400,43,29,131,29,131,37
0791,Solgaleo,Solgaleo,PSYCHIC,STEEL,680,137,137,107,113,89,97
0792,Lunala,Lunala,PSYCHIC,GHOST,680,137,113,89,137,107,97
0793,Nihilego,Nihilego,ROCK,POISON,570,109,53,47,127,131,103
0794,Buzzwole,Buzzwole,BUG,FIGHTING,570,107,139,139,53,53,79
0795,Pheromosa,Pheromosa,BUG,FIGHTING,570,71,137,37,137,37,151
0796,Xurkitree,Xurkitree,ELECTRIC,-,570,83,89,71,173,71,83
0797,Celesteela,Celesteela,STEEL,FLYING,570,97,101,103,107,101,61
0798,Kartana,Kartana,GRASS,STEEL,570,59,181,131,59,31,109
0799,Guzzlord,Guzzlord,DARK,DRAGON,570,223,101,53,97,53,43
0800,Necrozma,Necrozma,PSYCHIC,-,600,97,107,101,127,89,79
0800,Dusk Mane Necrozma,Necrozma,PSYCHIC,STEEL,680,97,157,127,113,109,77
0800,Dawn Wings Necrozma,Necrozma,PSYCHIC,GHOST,680,97,113,109,157,127,77
0800,Ultra Necrozma,Necrozma,PSYCHIC,DRAGON,754,97,167,97,167,97,129
0801,Magearna,Magearna,STEEL,FAIRY,600,80,95,115,130,115,65
0802,Marshadow,Marshadow,FIGHTING,GHOST,600,90,125,80,90,90,125
0803,Poipole,Poipole,POISON,-,420,67,73,67,73,67,73
0804,Naganadel,Naganadel,POISON,DRAGON,540,73,73,73,127,73,121
0805,Stakataka,Stakataka,ROCK,STEEL,570,61,131,211,53,101,13
0806,Blacephalon,Blacephalon,FIRE,GHOST,570,53,127,53,151,79,107
0807,Zeraora,Zeraora,ELECTRIC,-,600,88,112,75,102,80,143
0808,Meltan,Meltan,STEEL,-,300,46,65,65,55,35,34
0809,Melmetal,Melmetal,STEEL,-,600,135,143,143,80,65,34
0810,Grookey,Grookey,GRASS,-,310,50,65,50,40,40,65
0811,Thwackey,Thwackey,GRASS,-,420,70,85,70,55,60,80
0812,Rillaboom,Rillaboom,GRASS,-,530,100,125,90,60,70,85
0813,Scorbunny,Scorbunny,FIRE,-,310,50,71,40,40,40,69
0814,Raboot,Raboot,FIRE,-,420,65,86,60,55,60,94
0815,Cinderace,Cinderace,FIRE,-,530,80,116,75,65,75,119
0816,Sobble,Sobble,WATER,-,310,50,40,40,70,40,70
0817,Drizzile,Drizzile,WATER,-,420,65,60,55,95,55,90
0818,Inteleon,Inteleon,WATER,-,530,70,85,65,125,65,120
0819,Skwovet,Skwovet,NORMAL,-,275,70,55,55,35,35,25
0820,Greedent,Greedent,NORMAL,-,460,120,95,95,55,75,20
0821,Rookidee,Rookidee,FLYING,-,245,38,47,35,33,35,57
0822,Corvisquire,Corvisquire,FLYING,-,365,68,67,55,43,55,77
0823,Corviknight,Corviknight,FLYING,STEEL,495,98,87,105,53,85,67
0824,Blipbug,Blipbug,BUG,-,180,25,20,20,25,45,45
0825,Dottler,Dottler,BUG,PSYCHIC,335,50,35,80,50,90,30
0826,Orbeetle,Orbeetle,BUG,PSYCHIC,505,60,45,110,80,120,90
0827,Nickit,Nickit,DARK,-,245,40,28,28,47,52,50
0828,Thievul,Thievul,DARK,-,455,70,58,58,87,92,90
0829,Gossifleur,Gossifleur,GRASS,-,250,40,40,60,40,60,10
0830,Eldegoss,Eldegoss,GRASS,-,460,60,50,90,80,120,60
0831,Wooloo,Wooloo,NORMAL,-,270,42,40,55,40,45,48
0832,Dubwool,Dubwool,NORMAL,-,490,72,80,100,60,90,88
0833,Chewtle,Chewtle,WATER,-,284,50,64,50,38,38,44
0834,Drednaw,Drednaw,WATER,ROCK,485,90,115,90,48,68,74
0835,Yamper,Yamper,ELECTRIC,-,270,59,45,50,40,50,26
0836,Boltund,Boltund,ELECTRIC,-,490,69,90,60,90,60,121
0837,Rolycoly,Rolycoly,ROCK,-,240,30,40,50,40,50,30
0838,Carkol,Carkol,ROCK,FIRE,410,80,60,90,60,70,50
0839,Coalossal,Coalossal,ROCK,FIRE,510,110,80,120,80,90,30
0840,Applin,Applin,GRASS,DRAGON,260,40,40,80,40,40,20
0841,Flapple,Flapple,GRASS,DRAGON,485,70,110,80,95,60,70
0842,Appletun,Appletun,GRASS,DRAGON,485,110,85,80,100,80,30
0843,Silicobra,Silicobra,GROUND,-,315,52,57,75,35,50,46
0844,Sandaconda,Sandaconda,GROUND,-,510,72,107,125,65,70,71
0845,Cramorant,Cramorant,FLYING,WATER,475,70,85,55,85,95,85
0846,Arrokuda,Arrokuda,WATER,-,280,41,63,40,40,30,66
0847,Barraskewda,Barraskewda,WATER,-,490,61,123,60,60,50,136
0848,Toxel,Toxel,ELECTRIC,POISON,242,40,38,35,54,35,40
0849,Amped Form,Toxtricity,ELECTRIC,POISON,502,75,98,70,114,70,75
0849,Low Key Form,Toxtricity,ELECTRIC,POISON,502,75,98,70,114,70,75
0850,Sizzlipede,Sizzlipede,FIRE,BUG,305,50,65,45,50,50,45
0851,Centiskorch,Centiskorch,FIRE,BUG,525,100,115,65,90,90,65
0852,Clobbopus,Clobbopus,FIGHTING,-,310,50,68,60,50,50,32
0853,Grapploct,Grapploct,FIGHTING,-,480,80,118,90,70,80,42
0854,Sinistea,Sinistea,GHOST,-,308,40,45,45,74,54,50
0855,Polteageist,Polteageist,GHOST,-,508,60,65,65,134,114,70
0856,Hatenna,Hatenna,PSYCHIC,-,265,42,30,45,56,53,39
0857,Hattrem,Hattrem,PSYCHIC,-,370,57,40,65,86,73,49
0858,Hatterene,Hatterene,PSYCHIC,FAIRY,510,57,90,95,136,103,29
0859,Impidimp,Impidimp,DARK,FAIRY,265,45,45,30,55,40,50
0860,Morgrem,Morgrem,DARK,FAIRY,370,65,60,45,75,55,70
0861,Grimmsnarl,Grimmsnarl,DARK,FAIRY,510,95,120,65,95,75,60
0862,Obstagoon,Obstagoon,DARK,NORMAL,520,93,90,101,60,81,95
0863,Perrserker,Perrserker,STEEL,-,440,70,110,100,50,60,50
0864,Cursola,Cursola,GHOST,-,510,60,95,50,145,130,30
0865,Sirfetch'd,Sirfetch'd,FIGHTING,-,507,62,135,95,68,82,65
0866,Mr. Rime,Mr. Rime,ICE,PSYCHIC,520,80,85,75,110,100,70
0867,Runerigus,Runerigus,GROUND,GHOST,483,58,95,145,50,105,30
0868,Milcery,Milcery,FAIRY,-,270,45,40,40,50,61,34
0869,Alcremie,Alcremie,FAIRY,-,495,65,60,75,110,121,64
0870,Falinks,Falinks,FIGHTING,-,470,65,100,100,70,60,75
0871,Pincurchin,Pincurchin,ELECTRIC,-,435,48,101,95,91,85,15
0872,Snom,Snom,ICE,BUG,185,30,25,35,45,30,20
0873,Frosmoth,Frosmoth,ICE,BUG,475,70,65,60,125,90,65
0874,Stonjourner,Stonjourner,ROCK,-,470,100,125,135,20,20,70
0875,Ice Face,Eiscue,ICE,-,470,75,80,110,65,90,50
0875,Noice Face,Eiscue,ICE,-,470,75,80,70,65,50,130
0876,Male,Indeedee,PSYCHIC,NORMAL,475,60,65,55,105,95,95
0876,Female,Indeedee,PSYCHIC,NORMAL,475,70,55,65,95,105,85
0877,Full Belly Mode,Morpeko,ELECTRIC,DARK,436,58,95,58,70,58,97
0877,Hangry Mode,Morpeko,ELECTRIC,DARK,436,58,95,58,70,58,97
0878,Cufant,Cufant,STEEL,-,330,72,80,49,40,49,40
0879,Copperajah,Copperajah,STEEL,-,500,122,130,69,80,69,30
0880,Dracozolt,Dracozolt,ELECTRIC,DRAGON,505,90,100,90,80,70,75
0881,Arctozolt,Arctozolt,ELECTRIC,ICE,505,90,100,90,90,80,55
0882,Dracovish,Dracovish,WATER,DRAGON,505,90,90,100,70,80,75
0883,Arctovish,Arctovish,WATER,ICE,505,90,90,100,80,90,55
0884,Duraludon,Duraludon,STEEL,DRAGON,535,70,95,115,120,50,85
0885,Dreepy,Dreepy,DRAGON,GHOST,270,28,60,30,40,30,82
0886,Drakloak,Drakloak,DRAGON,GHOST,410,68,80,50,60,50,102
0887,Dragapult,Dragapult,DRAGON,GHOST,600,88,120,75,100,75,142
0888,Hero of Many Battles,Zacian,FAIRY,-,660,92,120,115,80,115,138
0888,Crowned Sword,Zacian,FAIRY,STEEL,700,92,150,115,80,115,148
0889,Hero of Many Battles,Zamazenta,FIGHTING,-,660,92,120,115,80,115,138
0889,Crowned Shield,Zamazenta,FIGHTING,STEEL,700,92,120,140,80,140,128
0890,Eternatus,Eternatus,POISON,DRAGON,690,140,85,95,145,95,130
0890,Eternamax,Eternatus,POISON,DRAGON,1125,255,115,250,125,250,130
0891,Kubfu,Kubfu,FIGHTING,-,385,60,90,60,53,50,72
0892,Single Strike Style,Urshifu,FIGHTING,DARK,550,100,130,100,63,60,97
0892,Rapid Strike Style,Urshifu,FIGHTING,WATER,550,100,130,100,63,60,97
0893,Zarude,Zarude,DARK,GRASS,600,105,120,105,70,95,105
0894,Regieleki,Regieleki,ELECTRIC,-,580,80,100,50,100,50,200
0895,Regidrago,Regidrago,DRAGON,-,580,200,100,50,100,50,80
0896,Glastrier,Glastrier,ICE,-,580,100,145,130,65,110,30
0897,Spectrier,Spectrier,GHOST,-,580,100,65,60,145,80,130
0898,Calyrex,Calyrex,PSYCHIC,GRASS,500,100,80,80,80,80,80
0898,Ice Rider,Calyrex,PSYCHIC,ICE,680,100,165,150,85,130,50
0898,Shadow Rider,Calyrex,PSYCHIC,GHOST,680,100,85,80,165,100,150
0899,Wyrdeer,Wyrdeer,NORMAL,PSYCHIC,525,103,105,72,105,75,65
0900,Kleavor,Kleavor,BUG,ROCK,500,70,135,95,45,70,85
0901,Ursaluna,Ursaluna,GROUND,NORMAL,550,130,140,105,45,80,50
0902,Male,Basculegion,WATER,GHOST,530,120,112,65,80,75,78
0902,Female,Basculegion,WATER,GHOST,530,120,92,65,100,75,78
0903,Sneasler,Sneasler,FIGHTING,POISON,510,80,130,60,40,80,120
0904,Overqwil,Overqwil,DARK,POISON,510,85,115,95,65,65,85
0905,Incarnate Forme,Enamorus,FAIRY,FLYING,580,74,115,70,135,80,106
0905,Therian Forme,Enamorus,FAIRY,FLYING,580,74,115,110,135,100,46
0906,Sprigatito,Sprigatito,GRASS,-,310,40,61,54,45,45,65
0907,Floragato,Floragato,GRASS,-,410,61,80,63,60,63,83
0908,Meowscarada,Meowscarada,GRASS,DARK,530,76,110,70,81,70,123
0909,Fuecoco,Fuecoco,FIRE,-,310,67,45,59,63,40,36
0910,Crocalor,Crocalor,FIRE,-,411,81,55,78,90,58,49
0911,Skeledirge,Skeledirge,FIRE,GHOST,530,104,75,100,110,75,66
0912,Quaxly,Quaxly,WATER,-,310,55,65,45,50,45,50
0913,Quaxwell,Quaxwell,WATER,-,410,70,85,65,65,60,65
0914,Quaquaval,Quaquaval,WATER,FIGHTING,530,85,120,80,85,75,85
0915,Lechonk,Lechonk,NORMAL,-,254,54,45,40,35,45,35
0916,Male,Oinkologne,NORMAL,-,489,110,100,75,59,80,65
0916,Female,Oinkologne,NORMAL,-,489,115,90,70,59,90,65
0917,Tarountula,Tarountula,BUG,-,210,35,41,45,29,40,20
0918,Spidops,Spidops,BUG,-,404,60,79,92,52,86,35
0919,Nymble,Nymble,BUG,-,210,33,46,40,21,25,45
0920,Lokix,Lokix,BUG,DARK,450,71,102,78,52,55,92
0921,Pawmi,Pawmi,ELECTRIC,-,240,45,50,20,40,25,60
0922,Pawmo,Pawmo,ELECTRIC,FIGHTING,350,60,75,40,50,40,85
0923,Pawmot,Pawmot,ELECTRIC,FIGHTING,490,70,115,70,70,60,105
0924,Tandemaus,Tandemaus,NORMAL,-,305,50,50,45,40,45,75
0925,Family of Four,Maushold,NORMAL,-,470,74,75,70,65,75,111
0925,Family of Three,Maushold,NORMAL,-,470,74,75,70,65,75,111
0926,Fidough,Fidough,FAIRY,-,312,37,55,70,30,55,65
0927,Dachsbun,Dachsbun,FAIRY,-,477,57,80,115,50,80,95
0928,Smoliv,Smoliv,GRASS,NORMAL,260,41,35,45,58,51,30
0929,Dolliv,Dolliv,GRASS,NORMAL,354,52,53,60,78,78,33
0930,Arboliva,Arboliva,GRASS,NORMAL,510,78,69,90,125,109,39
0931,Green Plumage,Squawkabilly,NORMAL,FLYING,417,82,96,51,45,51,92
0931,Blue Plumage,Squawkabilly,NORMAL,FLYING,417,82,96,51,45,51,92
0931,Yellow Plumage,Squawkabilly,NORMAL,FLYING,417,82,96,51,45,51,92
0931,White Plumage,Squawkabilly,NORMAL,FLYING,417,82,96,51,45,51,92
0932,Nacli,Nacli,ROCK,-,280,55,55,75,35,35,25
0933,Naclstack,Naclstack,ROCK,-,355,60,60,100,35,65,35
0934,Garganacl,Garganacl,ROCK,-,500,100,100,130,45,90,35
0935,Charcadet,Charcadet,FIRE,-,255,40,50,40,50,40,35
0936,Armarouge,Armarouge,FIRE,PSYCHIC,525,85,60,100,125,80,75
0937,Ceruledge,Ceruledge,FIRE,GHOST,525,75,125,80,60,100,85
0938,Tadbulb,Tadbulb,ELECTRIC,-,272,61,31,41,59,35,45
0939,Bellibolt,Bellibolt,ELECTRIC,-,495,109,64,91,103,83,45
0940,Wattrel,Wattrel,ELECTRIC,FLYING,280,40,40,35,55,40,70
0941,Kilowattrel,Kilowattrel,ELECTRIC,FLYING,490,70,70,60,105,60,125
0942,Maschiff,Maschiff,DARK,-,340,60,78,60,40,51,51
0943,Mabosstiff,Mabosstiff,DARK,-,505,80,120,90,60,70,85
0944,Shroodle,Shroodle,POISON,NORMAL,290,40,65,35,40,35,75
0945,Grafaiai,Grafaiai,POISON,NORMAL,485,63,95,65,80,72,110
0946,Bramblin,Bramblin,GRASS,GHOST,275,40,65,30,45,35,60
0947,Brambleghast,Brambleghast,GRASS,GHOST,480,55,115,70,80,70,90
0948,Toedscool,Toedscool,GROUND,GRASS,335,40,40,35,50,100,70
0949,Toedscruel,Toedscruel,GROUND,GRASS,515,80,70,65,80,120,100
0950,Klawf,Klawf,ROCK,-,450,70,100,115,35,55,75
0951,Capsakid,Capsakid,GRASS,-,304,50,62,40,62,40,50
0952,Scovillain,Scovillain,GRASS,FIRE,486,65,108,65,108,65,75
0953,Rellor,Rellor,BUG,-,270,41,50,60,31,58,30
0954,Rabsca,Rabsca,BUG,PSYCHIC,470,75,50,85,115,100,45
0955,Flittle,Flittle,PSYCHIC,-,255,30,35,30,55,30,75
0956,Espathra,Espathra,PSYCHIC,-,481,95,60,60,101,60,105
0957,Tinkatink,Tinkatink,FAIRY,STEEL,297,50,45,45,35,64,58
0958,Tinkatuff,Tinkatuff,FAIRY,STEEL,380,65,55,55,45,82,78
0959,Tinkaton,Tinkaton,FAIRY,STEEL,506,85,75,77,70,105,94
0960,Wiglett,Wiglett,WATER,-,245,10,55,25,35,25,95
0961,Wugtrio,Wugtrio,WATER,-,425,35,100,50,50,70,120
0962,Bombirdier,Bombirdier,FLYING,DARK,485,70,103,85,60,85,82
0963,Finizen,Finizen,WATER,-,315,70,45,40,45,40,75
0964,Zero Form,Palafin,WATER,-,457,100,70,72,53,62,100
0964,Hero Form,Palafin,WATER,-,650,100,160,97,106,87,100
0965,Varoom,Varoom,STEEL,POISON,300,45,70,63,30,45,47
0966,Revavroom,Revavroom,STEEL,POISON,500,80,119,90,54,67,90
0967,Cyclizar,Cyclizar,DRAGON,NORMAL,501,70,95,65,85,65,121
0968,Orthworm,Orthworm,STEEL,-,480,70,85,145,60,55,65
0969,Glimmet,Glimmet,ROCK,POISON,350,48,35,42,105,60,60
0970,Glimmora,Glimmora,ROCK,POISON,525,83,55,90,130,81,86
0971,Greavard,Greavard,GHOST,-,290,50,61,60,30,55,34
0972,Houndstone,Houndstone,GHOST,-,488,72,101,100,50,97,68
0973,Flamigo,Flamigo,FLYING,FIGHTING,500,82,115,74,75,64,90
0974,Cetoddle,Cetoddle,ICE,-,334,108,68,45,30,40,43
0975,Cetitan,Cetitan,ICE,-,521,170,113,65,45,55,73
0976,Veluza,Veluza,WATER,PSYCHIC,478,90,102,73,78,65,70
0977,Dondozo,Dondozo,WATER,-,530,150,100,115,65,65,35
0978,Curly Form,Tatsugiri,DRAGON,WATER,475,68,50,60,120,95,82
0978,Droopy Form,Tatsugiri,DRAGON,WATER,475,68,50,60,120,95,82
0978,Stretchy Form,Tatsugiri,DRAGON,WATER,475,68,50,60,120,95,82
0979,Annihilape,Annihilape,FIGHTING,GHOST,535,110,115,80,50,90,90
0980,Clodsire,Clodsire,POISON,GROUND,430,130,75,60,45,100,20
0981,Farigiraf,Farigiraf,NORMAL,PSYCHIC,520,120,90,70,110,70,60
0982,Two-Segment Form,Dudunsparce,NORMAL,-,520,125,100,80,85,75,55
0982,Three-Segment Form,Dudunsparce,NORMAL,-,520,125,100,80,85,75,55
0983,Kingambit,Kingambit,DARK,STEEL,550,100,135,120,60,85,50
0984,Great Tusk,Great Tusk,GROUND,FIGHTING,570,115,131,131,53,53,87
0985,Scream Tail,Scream Tail,FAIRY,PSYCHIC,570,115,65,99,65,115,111
0986,Brute Bonnet,Brute Bonnet,GRASS,DARK,570,111,127,99,79,99,55
0987,Flutter Mane,Flutter Mane,GHOST,FAIRY,570,55,55,55,135,135,135
0988,Slither Wing,Slither Wing,BUG,FIGHTING,570,85,135,79,85,105,81
0989,Sandy Shocks,Sandy Shocks,ELECTRIC,GROUND,570,85,81,97,121,85,101
0990,Iron Treads,Iron Treads,GROUND,STEEL,570,90,112,120,72,70,106
0991,Iron Bundle,Iron Bundle,ICE,WATER,570,56,80,114,124,60,136
0992,Iron Hands,Iron Hands,FIGHTING,ELECTRIC,570,154,140,108,50,68,50
0993,Iron Jugulis,Iron Jugulis,DARK,FLYING,570,94,80,86,122,80,108
0994,Iron Moth,Iron Moth,FIRE,POISON,570,80,70,60,140,110,110
0995,Iron Thorns,Iron Thorns,ROCK,ELECTRIC,570,100,134,110,70,84,72
0996,Frigibax,Frigibax,DRAGON,ICE,320,65,75,45,35,45,55
0997,Arctibax,Arctibax,DRAGON,ICE,423,90,95,66,45,65,62
0998,Baxcalibur,Baxcalibur,DRAGON,ICE,600,115,145,92,75,86,87
0999,Chest Form,Gimmighoul,GHOST,-,300,45,30,70,75,70,10
0999,Roaming Form,Gimmighoul,GHOST,-,300,45,30,25,75,45,80
1000,Gholdengo,Gholdengo,STEEL,GHOST,550,87,60,95,133,91,84
1001,Wo-Chien,Wo-Chien,DARK,GRASS,570,85,85,100,95,135,70
1002,Chien-Pao,Chien-Pao,DARK,ICE,570,80,120,80,90,65,135
1003,Ting-Lu,Ting-Lu,DARK,GROUND,570,155,110,125,55,80,45
1004,Chi-Yu,Chi-Yu,DARK,FIRE,570,55,80,80,135,120,100
1005,Roaring Moon,Roaring Moon,DRAGON,DARK,590,105,139,71,55,101,119
1006,Iron Valiant,Iron Valiant,FAIRY,FIGHTING,590,74,130,90,120,60,116
1007,Koraidon,Koraidon,FIGHTING,DRAGON,670,100,135,115,85,100,135
1008,Miraidon,Miraidon,ELECTRIC,DRAGON,670,100,85,100,135,115,135
1009,Walking Wake,Walking Wake,WATER,DRAGON,590,99,83,91,125,83,109
1010,Iron Leaves,Iron Leaves,GRASS,PSYCHIC,590,90,130,88,70,108,104
